Date,Open,High,Low,Close,PE,PBV,T_EPS,FSCORE,Vol,Buy Vol,Sell Vol,ATO/ATC,EMA25,EMA50,EMA200,MACD,RSI
31/5/2021,34.87,35.49,34.67,35.49,39.91,7.96,-,-,15729087,10261044,3858098,1609944,40.2318463,41.0232925,42.03146684,-0.699223517,39.62264677
1/6/2021,35.29,36.32,35.29,36.11,40.61,8.1,-,-,58587223,34367921,19412731,4806571,40.26208918,41.00767333,42.01747218,-0.563867234,53.33334064
2/6/2021,36.53,36.94,35.91,35.91,40.38,8.05,-,-,39927309,12192759,20537475,7197075,40.27214851,40.98356302,42.00130689,-0.469911589,68.5714165
4/6/2021,35.91,36.11,35.08,35.08,39.45,7.86,-,-,21458931,6782020,10194776,4482135,40.2100053,40.92398356,41.97606291,-0.465018746,58.33332192
7/6/2021,35.08,35.29,34.46,34.46,38.75,7.73,-,-,28210664,9440626,14241503,4528535,40.09907108,40.83942971,41.9441405,-0.511441345,56.75676876
8/6/2021,34.46,35.08,34.26,34.46,38.75,7.73,-,-,14338785,6607445,5021610,2709731,39.99667026,40.7581917,41.91253572,-0.541983936,51.51515453
9/6/2021,34.67,35.91,34.46,35.91,40.38,8.05,-,-,31780429,18529921,7527569,5722939,40.02714642,40.74386499,41.89741457,-0.430107232,52.94118216
10/6/2021,36.11,36.32,35.7,36.11,40.61,8.1,-,-,17668070,6844412,7745757,3077901,40.07313545,40.73920376,41.88475377,-0.319034474,55.88236431
11/6/2021,36.32,37.76,36.11,37.56,42.23,8.42,-,-,95698190,52196634,35504537,7997019,40.24058687,40.79845082,41.8883881,-0.098746308,65.00001027
14/6/2021,37.56,37.56,36.73,37.14,41.77,0,-,-,26909891,9243638,14506334,3159919,40.35944303,40.83716714,41.8873665,0.037932326,66.66665262
15/6/2021,36.94,37.14,35.49,36.11,40.61,0,-,-,29263930,7873205,17285483,4105242,40.37987078,40.82884701,41.87480567,0.051991942,60.46511717
16/6/2021,35.49,36.53,35.29,36.53,41.07,0,-,-,22664723,10275582,8741114,3648027,40.43444125,40.83906034,41.86698956,0.09945163,58.53658243
17/6/2021,36.32,36.73,35.91,36.11,40.61,0,-,-,9131697,3289427,4575662,1266609,40.44909991,40.83066597,41.8546315,0.098464975,54.76191594
18/6/2021,36.11,36.32,35.49,35.91,40.38,0,-,-,10420234,4002265,5189400,1228568,40.44477379,40.81349712,41.84008651,0.078051284,56.09757564
21/6/2021,35.29,35.7,35.08,35.29,39.68,0,-,-,16067334,5851114,7897193,2319027,40.3872089,40.76969057,41.8187566,0.005612493,48.78048487
22/6/2021,35.7,35.7,34.46,35.08,39.45,0,-,-,13283944,4088644,6965802,2229498,40.31621489,40.71849827,41.79532904,-0.069724068,43.58972738
23/6/2021,35.08,35.29,34.26,34.67,38.99,0,-,-,15232499,2961478,6182819,6088202,40.21496789,40.65110633,41.76751486,-0.164990683,42.49999897
24/6/2021,34.46,34.67,33.43,34.05,38.29,0,-,-,27464025,8349198,15612057,3502770,40.06793756,40.55904622,41.73304778,-0.293305218,43.58974575
25/6/2021,34.26,34.67,33.64,34.05,38.29,0,-,-,18078522,6656631,9212746,2209145,39.93221725,40.47059632,41.69892366,-0.39049404,47.22221461
28/6/2021,33.64,34.05,33.22,34.05,38.29,0,-,-,12509078,4908699,5167836,2432543,39.80693697,40.38561503,41.66513908,-0.462189054,47.22221461
29/6/2021,33.84,34.46,33.84,34.46,38.75,0,-,-,11621422,5272751,4862542,1486130,39.72700801,40.32217368,41.63631044,-0.476056125,38.709674
30/6/2021,34.46,34.87,34.05,34.26,38.52,0,-,-,9150596,3440136,4233538,1476923,39.63537024,40.25211655,41.60545876,-0.500014061,35.483859
1/7/2021,34.26,34.87,33.84,34.46,38.75,0,-,-,17890136,7887864,7610313,2391958,39.56863871,40.19391043,41.57722395,-0.494567795,19.99998685
2/7/2021,34.26,34.46,33.43,33.43,37.59,0,-,-,20245628,6187665,10411148,3646815,39.41775446,40.09246859,41.53772066,-0.577257488,17.85712609
5/7/2021,33.43,33.64,33.22,33.43,37.59,0,-,-,8953003,3399188,2813919,2739897,39.27847668,39.99500485,41.49861044,-0.635464426,21.73910558
6/7/2021,33.64,34.46,33.64,34.05,38.29,0,-,-,13855039,8473012,4548403,833624,39.20348414,39.92867422,41.46681903,-0.618270708,25.00003423
7/7/2021,33.84,34.05,33.22,33.64,37.83,0,-,-,8832824,3362237,3771719,1698867,39.09854588,39.84673745,41.43072418,-0.634791149,25.00001712
8/7/2021,33.22,33.43,31.99,32.19,36.2,0,-,-,29619986,11251798,15862956,2505232,38.8766798,39.70428841,41.37881933,-0.770130057,20.00002191
9/7/2021,31.99,32.4,31.78,32.4,36.43,0,-,-,28737539,13014510,12288466,3434563,38.68973752,39.57652926,41.32974083,-0.848869842,25.00002934
12/7/2021,32.4,32.4,31.16,31.57,35.5,0,-,-,26317111,8378395,14586534,3352182,38.44574698,39.41736578,41.27191118,-0.974960769,22.58068107
13/7/2021,31.78,32.4,31.57,32.4,36.43,0,-,-,31099210,18929712,10243478,1926021,38.29195338,39.3008585,41.22389644,-0.98856535,33.33333333
14/7/2021,32.19,33.84,31.99,33.84,38.06,0,-,-,29227828,18826857,8386997,2013974,38.27499006,39.25264563,41.19252862,-0.858328878,48.64864625
15/7/2021,34.26,34.46,33.02,33.43,37.59,0,-,-,54715798,24035520,25457683,5222595,38.22361724,39.18811613,41.15685314,-0.783547354,46.15383967
16/7/2021,33.43,34.46,33.43,34.46,38.75,0,-,-,28282142,14957612,8961362,4363167,38.2654821,39.17163551,41.13308207,-0.623435716,52.27273067
19/7/2021,33.84,34.26,33.64,33.84,38.06,0,-,-,13919732,4404236,7036917,2478579,38.25055503,39.12849021,41.10261787,-0.546443131,46.6666618
20/7/2021,33.64,33.84,33.02,33.43,37.59,0,-,-,13775565,4294233,7460694,2020638,38.20106183,39.06882955,41.06783703,-0.516931157,45.6521677
21/7/2021,33.64,33.64,33.02,33.22,37.36,0,-,-,10567308,4177931,4362440,2026937,38.1375189,39.00240501,41.03109242,-0.506436544,43.47826708
22/7/2021,33.43,33.64,32.6,33.22,37.36,0,-,-,13188237,6121154,5140578,1926505,38.0788639,38.93858535,40.99471343,-0.492442913,48.7805054
23/7/2021,33.22,33.22,32.6,33.02,37.13,0,-,-,5544729,1437428,2192911,1914390,38.00686363,38.86816477,40.95638654,-0.494385918,47.61906252
27/7/2021,32.81,33.02,32.19,32.6,36.66,0,-,-,7601106,2209751,3716839,1674516,37.90468747,38.78229845,40.91382123,-0.527311312,41.46341757
29/7/2021,32.6,32.81,31.99,32.6,36.66,0,-,-,12433966,5172319,5028273,2233375,37.81037102,38.69979944,40.87167947,-0.547098316,43.58975115
30/7/2021,32.4,32.6,31.78,32.19,36.2,0,-,-,11055900,3343580,4700687,3011633,37.68759531,38.60232835,40.82533725,-0.593403339,50
2/8/2021,31.78,32.4,31.78,32.19,36.2,0,-,-,7055089,3813879,2626502,614708,37.57426389,38.50867966,40.77945615,-0.622919772,48.48484547
3/8/2021,31.99,32.81,31.99,32.6,36.66,0,-,-,18585286,9187547,7754116,1643623,37.50536464,38.4369108,40.73865135,-0.601909258,58.06450245
4/8/2021,33.02,33.64,32.81,33.43,37.59,0,-,-,37010293,17455212,14280513,5274568,37.51319377,38.4043709,40.70749207,-0.50451472,58.06450245
5/8/2021,33.43,33.64,33.02,33.22,37.36,0,-,-,20214977,7508669,10197320,2508988,37.50256378,38.36400356,40.67433298,-0.440977261,44.00002103
6/8/2021,33.22,33.43,31.99,32.19,36.2,0,-,-,31533649,11316007,16929548,3288094,37.40346555,38.27970095,40.62995441,-0.478764628,39.28572477
9/8/2021,32.19,32.4,31.78,32.19,36.2,0,-,-,14298685,6475393,5455200,2368092,37.31199026,38.19870431,40.58601742,-0.502914108,26.08694099
10/8/2021,32.19,32.4,31.57,31.78,35.74,0,-,-,17155127,6498653,8369309,2287164,37.19183746,38.10267684,40.53789788,-0.553140246,27.27273406
11/8/2021,31.57,31.57,30.13,30.54,34.34,0,-,-,64021343,25059831,34210670,4750843,36.97378407,37.95579318,40.47639784,-0.697298988,23.07691822
13/8/2021,30.54,30.54,29.92,30.13,33.88,0,-,-,20736764,6123335,11303286,3310143,36.73678994,37.79646248,40.41089,-0.839334263,22.22221546
16/8/2021,30.13,30.54,29.92,30.54,28.65,0,1.416,-,18471407,10878297,5107989,2485121,36.55374021,37.66158722,40.35065372,-0.90401358,27.58617173
17/8/2021,30.75,30.75,29.92,30.33,28.46,0,1.416,-,29846170,11117686,10150315,8578169,36.36691433,37.52289768,40.28870695,-0.962904366,27.58618736
18/8/2021,30.33,31.37,30.13,31.37,29.42,0,1.416,-,40842950,21902698,16359786,2580465,36.28374531,37.4351651,40.23892596,-0.905478097,40.62499198
19/8/2021,31.16,31.57,30.95,31.16,29.23,0,1.416,-,25206905,11498093,11338540,2370272,36.18911671,37.34176936,40.18733041,-0.868685729,39.39392732
20/8/2021,31.37,31.57,31.16,31.37,29.42,4.24,1.416,1,17559400,4472201,10714988,2372211,36.11962443,37.26113985,40.13855814,-0.811441685,43.75000321
23/8/2021,31.78,32.19,31.57,31.78,29.81,4.29,1.416,1,29678137,13178061,11604461,4895615,36.09119207,37.20187962,40.09489093,-0.72030804,47.05883774
24/8/2021,32.19,32.19,31.78,31.78,29.81,4.29,1.416,1,23483203,14271669,6697337,2514197,36.06494682,37.14494331,40.05165823,-0.640698397,43.75000321
25/8/2021,31.99,31.99,31.37,31.78,29.81,4.29,1.416,1,14374403,3482053,9298155,1594194,36.04072044,37.0902398,40.00885569,-0.571024764,35.7142941
26/8/2021,31.78,31.78,31.16,31.16,29.23,4.21,1.416,1,20293482,3258292,13270255,3764935,35.96478607,37.01037054,39.9595494,-0.565485441,33.33331507
27/8/2021,30.95,31.99,30.95,31.78,29.81,4.29,1.416,1,21648892,12723269,6956595,1969028,35.94826435,36.96094439,39.91766338,-0.499145551,46.42859029
30/8/2021,31.99,33.22,31.78,33.02,30.97,4.46,1.416,1,40336670,24598982,12443658,3294031,36.04015636,36.96807835,39.8900534,-0.330370518,55.88237
31/8/2021,33.02,33.64,32.6,33.02,30.97,4.46,1.416,1,29705880,14408325,12358611,2938944,36.12497975,36.97493255,39.86271815,-0.19437446,59.3749984
1/9/2021,33.02,33.22,32.6,33.22,31.17,4.49,1.416,1,15118377,7366804,6275982,1475590,36.22113545,36.99062162,39.83796477,-0.067091187,74.0741169
2/9/2021,32.81,33.43,32.4,32.81,30.78,4.43,1.416,1,18128919,6721930,8870864,2536125,36.27418018,36.98748811,39.80883793,-0.003640376,74.07407182
3/9/2021,32.81,33.02,31.99,32.19,30.2,4.35,1.416,1,18638349,5045112,11694838,1898399,36.269573,36.95716649,39.77307125,-0.009442403,64.28571009
6/9/2021,32.19,32.4,31.57,31.57,29.62,4.26,1.416,1,12175071,2156203,8163478,1855391,36.21174895,36.90072311,39.73073084,-0.069435927,59.99998904
7/9/2021,31.78,31.99,31.16,31.57,29.62,4.26,1.416,1,20489015,7122690,11580110,1786215,36.15837291,36.8464932,39.68881173,-0.115648107,52.00000263
8/9/2021,31.57,31.78,30.95,31.16,29.23,4.21,1.416,1,25856383,13257413,10823174,1775796,36.07338835,36.77618263,39.64268996,-0.187573428,50
9/9/2021,31.16,31.57,30.75,30.95,29.04,4.18,1.416,1,17328369,4313617,10286122,2728630,35.97708388,36.69952567,39.59471723,-0.260306148,46.15384129
10/9/2021,30.95,31.57,30.75,31.57,29.62,4.26,1.416,1,22071943,12448625,7551071,2072247,35.941759,36.65318586,39.55415149,-0.258768335,48.14814589
13/9/2021,31.57,31.57,30.95,31.37,29.42,4.24,1.416,1,13994602,6159922,6244605,1590075,35.89129423,36.59955963,39.5116795,-0.273133131,46.42856724
14/9/2021,31.99,32.19,31.78,31.78,29.81,4.29,1.416,1,19634675,6851802,9500837,3282037,35.88042573,36.56624371,39.47424989,-0.244237849,50
15/9/2021,31.99,32.19,31.57,31.99,30,4.32,1.416,1,12662331,4494734,6754640,1412956,35.88825017,36.54333782,39.43950257,-0.2002975,57.14284037
16/9/2021,31.99,32.81,31.78,32.4,30.39,4.37,1.416,1,32090085,14155609,16364996,1569480,35.9311871,36.53953752,39.40972075,-0.126551584,55.55553527
17/9/2021,32.4,32.6,31.57,31.57,29.62,4.26,1.416,1,28246403,15324208,10312048,2610147,35.89939274,36.49947175,39.37099577,-0.141405205,36.00000526
20/9/2021,31.57,31.57,30.95,31.16,29.23,4.21,1.416,1,14263552,5188431,7718135,1356986,35.83432973,36.44276986,39.32803635,-0.188468326,33.33333333
21/9/2021,31.16,31.57,30.95,31.57,29.62,4.26,1.416,1,9126245,4345722,3377381,1403143,35.80998593,36.40649891,39.29012415,-0.18615623,35.71428991
22/9/2021,31.57,31.57,30.75,30.95,29.04,4.18,1.416,1,20394883,8476768,10191021,1727095,35.73394318,36.34433935,39.24565953,-0.237779007,34.48276057
23/9/2021,30.54,30.75,29.3,29.92,28.07,4.04,1.416,1,93112394,35929163,49861252,7321979,35.57446425,36.23909926,39.19008797,-0.368106976,32.25807991
27/9/2021,29.51,29.72,28.89,28.89,27.1,3.9,1.416,1,36580700,14427708,17757235,4395756,35.33796729,36.09246806,39.12351996,-0.558613337,30.30304087
28/9/2021,29.1,29.51,28.89,29.3,27.49,3.96,1.416,1,21179684,9051497,9467885,2660302,35.15537648,35.96979429,39.06223406,-0.664467675,34.28570087
29/9/2021,29.1,29.51,27.86,28.27,26.52,3.82,1.416,1,57973726,10621583,41884949,5467194,34.89754549,35.80641309,38.99000858,-0.832422209,31.57894282
30/9/2021,28.27,28.48,27.45,27.65,25.94,3.73,1.416,1,28584286,9140299,15565900,3878088,34.60597625,35.62212807,38.91157213,-1.01007976,29.99999795
1/10/2021,27.65,28.68,27.65,28.68,26.91,3.87,1.416,1,21202944,12083362,7222032,1897551,34.42612118,35.49058817,38.84546555,-1.045166611,33.33332681
4/10/2021,28.68,29.1,28.68,28.68,26.91,3.87,1.416,1,8391237,4878775,1999073,1513388,34.26010113,35.36420669,38.78001674,-1.060745579,34.14633706
5/10/2021,28.68,28.89,28.06,28.48,26.71,3.85,1.416,1,18674452,7625578,9730050,1318824,34.08899466,35.23367768,38.71290928,-1.079381616,29.99998357
6/10/2021,28.48,28.89,28.27,28.48,26.71,3.85,1.416,1,5740869,2234828,2942457,563583,33.93105022,35.10826746,38.64646956,-1.081681854,28.20513631
7/10/2021,28.68,29.1,28.48,28.89,27.1,3.9,1.416,1,12626108,7942260,3000124,1683723,33.82096973,35.00598261,38.5853107,-1.034120053,28.20513631
8/10/2021,29.1,29.1,28.48,28.48,26.71,3.85,1.416,1,9446684,4402419,3565525,1478740,33.6836426,34.8895016,38.52014061,-1.022108813,29.72972913
11/10/2021,28.68,28.89,28.48,28.68,26.91,3.87,1.416,1,7976909,3258049,3921217,797642,33.57473627,34.78669215,38.45792887,-0.982531772,33.33334094
12/10/2021,28.68,29.3,28.68,29.1,27.29,3.93,1.416,1,21135101,10605955,9532457,996690,33.50992144,34.70612161,38.40095588,-0.903290356,33.33331051
14/10/2021,29.1,29.3,28.89,29.1,27.29,3.93,1.416,1,8926593,3105039,5187099,634455,33.45009236,34.6287107,38.34454978,-0.830912718,36.36362052
15/10/2021,29.1,29.51,29.1,29.3,27.49,3.96,1.416,1,10293028,5159356,4112753,1020919,33.4127227,34.56343917,38.29101483,-0.746218938,44.82757155
18/10/2021,29.51,29.92,29.3,29.72,27.88,4.01,1.416,1,16432354,9723387,5550544,1158423,33.413942,34.51893464,38.24263233,-0.63432237,57.69229554
19/10/2021,29.92,30.33,29.51,29.72,27.88,4.01,1.416,1,16785260,6011999,9547600,1225660,33.41506751,34.47617538,38.19473125,-0.539425373,54.16667523
20/10/2021,29.92,29.92,29.51,29.72,27.88,4.01,1.416,1,4627392,2364942,1934016,328434,33.41610644,34.43509296,38.14730679,-0.458928577,68.42104125
21/10/2021,29.72,29.92,29.51,29.72,27.88,4.01,1.416,1,4512907,1090216,3057427,365263,33.41706545,34.39562161,38.10035422,-0.390631331,81.24997111
25/10/2021,29.92,29.92,29.51,29.72,27.88,4.01,1.416,1,11781459,2669752,7525267,1586441,33.4179507,34.35769816,38.05386884,-0.332670453,72.72723199
26/10/2021,29.92,29.92,28.89,29.1,27.29,3.93,1.416,1,10186659,2879097,6576310,731253,33.36519629,34.29395092,38.00091635,-0.339024079,57.14280684
27/10/2021,28.89,29.3,28.89,29.1,27.29,3.93,1.416,1,4122687,1537012,1752051,833624,33.31649991,34.23270356,37.94849075,-0.340138469,61.53841292
28/10/2021,28.89,29.1,28.48,28.48,26.71,3.85,1.416,1,12449836,5477976,5276143,1695717,33.21797815,34.14654723,37.88965718,-0.392690726,50
29/10/2021,28.89,29.51,28.89,29.1,27.29,3.93,1.416,1,17558067,7378677,9018423,1160967,33.18060625,34.09108041,37.83833864,-0.373833657,52.94113667
1/11/2021,29.3,29.3,28.89,28.89,27.1,3.9,1.416,1,7101489,2935310,3530634,635546,33.12825221,34.02868525,37.78522088,-0.373317645,56.25002568
2/11/2021,29.3,29.51,28.89,29.51,27.68,3.98,1.416,1,10243599,4649199,4365469,1228931,33.13349667,33.9960478,37.73956127,-0.313103649,61.11111618
3/11/2021,29.51,31.16,29.51,30.33,28.46,4.1,1.416,1,41483826,23282823,15713580,2487423,33.20976645,34.0011049,37.70359552,-0.18828506,65.0000493
4/11/2021,30.54,30.54,29.92,30.54,28.65,4.12,1.416,1,11022221,5412920,3996208,1613094,33.29802622,34.01506719,37.67029749,-0.069828762,66.66669275
5/11/2021,30.75,30.95,29.92,30.33,28.46,4.1,1.416,1,15896272,6695156,8007075,1194041,33.36163988,34.01937843,37.63502094,0.005256391,61.9048178
8/11/2021,30.54,30.54,30.13,30.13,28.26,4.07,1.416,1,5216053,2988130,1444213,783710,33.402503,34.01441694,37.59778551,0.045505325,55.00002465
9/11/2021,30.33,30.75,30.13,30.54,28.65,4.12,1.416,1,7421079,2796231,2866134,1758714,33.47593688,34.02785719,37.56554031,0.113557632,59.09091928
10/11/2021,30.54,30.75,29.3,29.51,27.68,3.98,1.416,1,27472990,10367292,15571351,1534347,33.45443636,33.99525221,37.52206658,0.072988356,48.14813913
11/11/2021,29.51,29.92,29.51,29.72,27.88,4.01,1.416,1,7657803,3399066,3631066,627671,33.45244692,33.97302952,37.48133531,0.058890097,50
12/11/2021,29.72,30.33,29.72,30.33,28.46,4.1,1.416,1,9448501,6499986,2082423,866091,33.50418207,33.9789893,37.44793897,0.102729026,54.8387302
15/11/2021,30.33,30.54,30.13,30.33,28.46,4.1,1.067,3,6514039,2690468,3501195,322376,33.55193759,33.98471536,37.41487494,0.135905064,60.71433602
16/11/2021,30.54,31.16,30.33,30.33,28.44,3.94,1.067,3,34128168,15851689,15492241,2784237,33.5960196,33.99021687,37.38213991,0.160348911,60.71433602
17/11/2021,30.54,31.78,30.54,31.57,29.6,4.1,1.067,3,41788151,24090158,16184969,1513025,33.74385351,34.05012446,37.36358986,0.288783802,74.19359798
18/11/2021,31.57,31.78,31.16,31.57,29.6,4.1,1.067,3,14467082,7178418,6184636,1104027,33.88031558,34.10768273,37.34522439,0.386118446,71.42863012
19/11/2021,31.78,31.78,30.95,31.37,29.41,4.08,1.067,3,19020937,7256196,9751372,2013369,33.98842338,34.15388015,37.32473178,0.43945901,71.4285882
22/11/2021,31.78,32.4,31.57,32.19,30.18,4.18,1.067,3,30453730,16299939,12091358,2062434,34.15964365,34.23468041,37.31368258,0.550315914,72.41381264
23/11/2021,31.99,32.19,31.37,31.57,29.6,4.1,1.067,3,30728980,12026543,15936735,2765701,34.26412186,34.2850012,37.2958137,0.575342826,60.71430039
24/11/2021,31.37,31.57,31.16,31.37,29.41,4.08,1.067,3,13646179,3197233,9462554,986392,34.3427061,34.32424496,37.27581274,0.56987563,57.14288229
25/11/2021,31.37,31.57,30.95,31.16,29.21,4.05,1.067,3,12245337,4277878,6798496,1168963,34.39738822,34.35284608,37.25370091,0.540579343,57.14284876
26/11/2021,31.16,31.16,30.13,30.33,28.44,3.94,1.067,3,19177097,5120709,13155769,900619,34.37643557,34.34391109,37.22256959,0.437392019,51.61290836
29/11/2021,30.13,30.33,29.51,29.72,27.86,3.86,1.067,3,16940330,6727382,8722578,1490370,34.30352311,34.3080155,37.18481839,0.29600704,43.75000963
30/11/2021,30.13,30.54,28.68,29.72,27.86,3.86,1.067,3,50882898,9202933,13688460,27991506,34.2362193,34.27352758,37.14744282,0.181862033,51.85185636
1/12/2021,29.51,30.13,29.3,29.72,27.86,3.86,1.067,3,7015473,3585393,2767882,662198,34.17409271,34.24039213,37.11043915,0.090359682,50
2/12/2021,29.72,29.92,29.51,29.92,28.05,3.89,1.067,3,3626947,2416067,999355,211525,34.13460227,34.21765978,37.07611355,0.036158628,45.83332192
3/12/2021,30.13,30.13,29.51,29.92,28.05,3.89,1.067,3,5464408,2249487,2424789,790131,34.09814956,34.19581888,37.04212951,-0.006718649,45.83332192
7/12/2021,29.92,29.92,29.51,29.51,27.66,3.83,1.067,3,11685389,5233377,4597105,1854906,34.02878653,34.15662717,37.00386384,-0.077272516,42.30767286
8/12/2021,29.92,30.33,29.72,29.92,28.05,3.89,1.067,3,10249778,4503699,4668583,1077496,34.00047349,34.13717971,36.9705987,-0.094632039,31.81817842
9/12/2021,29.92,30.13,29.72,29.92,28.05,3.89,1.067,3,4854909,2505474,1981507,367928,33.97433838,34.1184949,36.93766455,-0.107154378,31.81817842
13/12/2021,29.92,30.54,29.92,30.13,28.24,3.92,1.067,3,8037120,3688612,3690671,657837,33.96807084,34.10964649,36.907368,-0.097225632,36.36364315
14/12/2021,30.13,30.33,29.72,29.92,28.05,3.89,1.067,3,6776084,3048220,2923437,804427,33.94442824,34.09204141,36.87506301,-0.106857278,21.05266799
15/12/2021,30.13,30.75,29.92,29.92,28.05,3.89,1.067,3,10722136,5496754,4256435,968947,33.9226043,34.07512673,36.84307947,-0.113185692,25.00002568
16/12/2021,30.13,30.75,30.13,30.54,28.63,3.97,1.067,3,15127826,6718296,7577845,831685,33.95603038,34.08618621,36.81834379,-0.061298605,38.8888686
17/12/2021,30.54,30.54,29.92,29.92,28.05,3.89,1.067,3,43350605,3194204,6910195,33246206,33.93331397,34.06950114,36.78692461,-0.07550315,35.00000411
20/12/2021,29.72,29.92,29.3,29.3,27.47,3.81,1.067,3,14175840,4271942,6987488,2916410,33.85877342,34.0261594,36.74888842,-0.141327319,36.8420825
21/12/2021,29.72,30.13,29.51,29.72,27.86,3.86,1.067,3,7854064,3603202,3621011,629852,33.82568113,34.00272466,36.71585046,-0.154251269,50
22/12/2021,29.72,29.92,29.72,29.92,28.05,3.89,1.067,3,2722815,1879742,680492,162581,33.81299158,33.9893126,36.68545112,-0.14410046,52.6315835
23/12/2021,30.13,30.13,29.72,29.72,27.86,3.86,1.067,3,3084928,1382306,1132376,570246,33.78342097,33.96732284,36.65304438,-0.153023939,50
24/12/2021,29.92,29.92,29.3,29.72,27.86,3.86,1.067,3,4306591,1670760,2313938,321892,33.75612502,33.94619541,36.62096009,-0.158271405,47.3684165
27/12/2021,29.72,29.92,29.3,29.51,27.66,3.83,1.067,3,3400641,642209,1937408,821024,33.71307157,33.91679286,36.58688517,-0.179097568,44.99999178
28/12/2021,29.72,30.13,29.51,30.13,28.24,3.92,1.067,3,7069384,3166825,1944072,1958488,33.72690148,33.91585433,36.56007895,-0.137817678,57.14286832
29/12/2021,30.13,30.33,29.92,30.13,28.24,3.92,1.067,3,7363533,3895291,2864074,604168,33.73966755,33.91495261,36.53353946,-0.103905312,52.6315835
30/12/2021,30.33,30.95,30.13,30.13,28.24,3.92,1.067,3,35717758,12842115,14513482,8362161,33.75145162,33.91408625,36.50726405,-0.076151688,52.6315835
4/1/2022,30.33,31.16,30.13,31.16,29.21,4.05,1.067,3,23084140,14204189,6867187,2012763,33.55201161,33.80603312,36.45404482,-0.271646723,30.22387823
5/1/2022,31.16,31.57,30.95,31.57,29.6,4.1,1.067,3,23117940,11399841,10101371,1616728,33.39965919,33.71840163,36.40546159,-0.388794823,35.27272776
6/1/2022,31.57,31.57,30.75,30.95,29.02,4.02,1.067,3,19686042,6077541,11042090,2566412,33.21140718,33.60993031,36.3512021,-0.525529491,32.44147538
7/1/2022,30.75,30.95,30.33,30.54,28.63,3.97,1.067,3,8985107,4636478,2682351,1666278,33.00589003,33.48952851,36.29337606,-0.65959069,24.30558444
10/1/2022,30.75,31.16,30.54,30.95,29.02,4.02,1.067,3,6825755,4091188,2082908,651658,32.84792796,33.39003261,36.24023185,-0.724185853,31.04694953
11/1/2022,30.75,30.75,30.13,30.13,28.24,3.92,1.067,3,12518285,3810487,5476523,3231276,32.6386247,33.26206998,36.17940353,-0.832385443,30.4964764
12/1/2022,30.54,30.75,30.33,30.54,28.63,3.97,1.067,3,12848294,3614347,7454637,1779310,32.47716774,33.15530976,36.12328692,-0.87474949,30.00001585
13/1/2022,30.33,31.37,30.33,31.16,29.21,4.05,1.067,3,20413903,9430328,9742286,1241289,32.37574957,33.07701257,36.07388835,-0.84858936,33.55932518
14/1/2022,30.95,31.16,30.54,30.75,28.83,4,1.067,3,8773461,3010058,4745633,1017769,32.25038673,32.98560159,36.02087487,-0.851344835,32.78146149
17/1/2022,30.75,30.95,30.33,30.54,28.63,3.97,1.067,3,8777943,3933816,3938783,905344,32.11879424,32.88968327,35.96633566,-0.86026259,31.93549203
18/1/2022,30.75,30.95,29.92,29.92,28.05,3.89,1.067,3,12393623,3164038,8589073,640513,31.94970523,32.77325009,35.90617945,-0.906828553,30.46155071
19/1/2022,29.92,30.13,29.51,29.72,27.86,3.86,1.067,3,7828017,3386346,3700726,740945,31.77774996,32.65329074,35.84456858,-0.949438623,23.52940892
20/1/2022,29.72,30.13,29.51,29.51,27.66,3.83,1.067,3,6053796,2335987,3109642,608166,31.60314907,32.52994359,35.78151753,-0.98846361,22.92993601
21/1/2022,29.72,29.72,29.3,29.3,27.47,3.81,1.067,3,8710100,3788317,3631187,1290596,31.42610592,32.40334141,35.71704062,-1.024235195,22.36024531
24/1/2022,29.3,29.51,28.48,28.68,26.89,3.73,1.067,3,18690080,3669955,11757835,3262290,31.21506246,32.25742767,35.6470456,-1.089971849,30.00000308
25/1/2022,28.48,28.89,28.48,28.68,26.89,3.73,1.067,3,5324723,2302308,2144088,878327,31.0202531,32.11723603,35.57774705,-1.129053594,25
26/1/2022,29.1,29.1,28.68,29.1,27.28,3.78,1.067,3,7434284,3311718,2331141,1791424,30.87217515,31.99872637,35.51324448,-1.11388465,33.33333333
27/1/2022,28.89,28.89,28.27,28.27,26.5,3.67,1.067,3,9866221,2989100,5679568,1197554,30.67199568,31.85249561,35.44117083,-1.155149982,31.03448166
28/1/2022,28.48,29.1,28.48,28.48,26.7,3.7,1.067,3,6725444,3096316,2506928,1122200,30.50308775,31.72009157,35.37186756,-1.157855273,28.571438
31/1/2022,28.68,29.1,28.48,29.1,27.28,3.78,1.067,3,3648148,2300491,807819,539838,30.39479174,31.6171562,35.30941355,-1.097397192,40.74074454
1/2/2022,29.1,29.3,28.89,29.3,27.47,3.81,1.067,3,4945407,2244157,634698,2066553,30.31069915,31.5263496,35.2496342,-1.021062956,38.46153026
2/2/2022,29.51,29.51,29.1,29.51,27.66,3.83,1.067,3,4588140,2004888,1788153,795098,30.24894832,31.44719622,35.19250289,-0.93315989,33.33334617
3/2/2022,29.3,29.72,29.3,29.51,27.66,3.83,1.067,3,8600097,3049674,4065626,1484797,30.19194755,31.3711469,35.13594006,-0.853655667,36.36365164
4/2/2022,29.51,29.51,29.1,29.3,27.47,3.81,1.067,3,6254176,3451403,1890524,912249,30.12345836,31.28998773,35.07788681,-0.798098758,36.36363636
7/2/2022,29.3,30.33,29.3,30.13,28.24,3.92,1.067,3,17940291,11138403,5434848,1367041,30.12372968,31.2443798,35.02862411,-0.679632448,52.17390256
8/2/2022,30.33,30.33,29.51,29.92,28.05,3.89,1.067,3,7969761,3568432,3278039,1123290,30.10810718,31.19246832,34.97779837,-0.595532706,52.17392353
9/2/2022,29.92,30.33,29.92,29.92,28.05,3.89,1.067,3,12002798,4620850,4946861,2435087,30.09368641,31.14259259,34.92747836,-0.522855898,54.54545455
10/2/2022,29.92,30.54,29.92,30.33,28.44,3.94,1.067,3,19604025,10029772,7688212,1886041,30.11212098,31.11085703,34.8817655,-0.427035069,60.86957745
11/2/2022,30.13,30.13,29.51,29.72,27.86,3.86,1.067,3,18559845,4605464,11759410,2194970,30.08151835,31.05608957,34.8303478,-0.396478106,60.86955299
14/2/2022,29.3,29.51,28.89,29.3,27.47,3.81,1.067,3,14560487,5669028,6766028,2125431,30.02152371,30.98728559,34.77533526,-0.400941034,55.99998965
15/2/2022,29.1,29.3,28.27,28.68,26.89,3.73,1.067,3,20169183,7689181,10064299,2415703,29.91852504,30.89690344,34.71471044,-0.449251181,46.15384615
17/2/2022,28.89,29.3,28.68,28.89,27.08,3.75,1.067,3,6485691,3205834,1906516,1373341,29.83932229,30.81815779,34.65674207,-0.465520497,56.52173039
18/2/2022,28.89,29.1,28.68,28.68,26.89,3.73,1.067,3,2906597,714656,1635022,556920,29.7503391,30.73440811,34.59729729,-0.489422878,52.17390431
21/2/2022,28.89,29.1,28.48,28.48,26.7,3.7,1.067,4,5239193,1656101,2503415,1079676,29.65232782,30.64585063,34.53639077,-0.519033188,42.85714915
22/2/2022,28.89,30.54,28.89,30.33,26.89,3.8,1.067,4,37578964,22608631,11366889,3603444,29.70471306,30.63359515,34.49456933,-0.38816905,58.62070175
23/2/2022,30.33,31.37,30.33,30.95,27.44,3.88,1.067,4,27216519,13994481,9961202,3260836,29.80068767,30.64609664,34.45932369,-0.231833907,61.29032354
24/2/2022,30.54,30.75,29.92,30.13,26.71,3.78,1.067,4,20288272,7941291,9348190,2998791,29.82578751,30.62573934,34.41621585,-0.172550802,54.28571051
25/2/2022,30.33,31.16,29.92,30.95,27.44,3.88,1.067,4,18047386,9694675,7466752,885960,29.9124487,30.6385489,34.38174985,-0.058293859,60.52632347
28/2/2022,30.75,31.16,30.54,30.95,27.44,3.88,1.067,4,9138360,4213427,3233335,1691598,29.99244365,30.65085612,34.3476268,0.031888006,55.88235774
1/3/2022,31.16,31.16,30.75,31.16,27.63,3.91,1.128,4,10719228,5609302,4422530,687397,30.0821581,30.6707728,34.3158965,0.11864076,58.82352302
2/3/2022,30.95,31.16,30.75,30.95,27.44,3.88,1.128,4,7721770,3441711,3226308,1053751,30.14909848,30.68181634,34.2824287,0.168796568,57.14285714
3/3/2022,30.95,32.4,30.95,32.4,28.72,4.06,1.128,4,40277792,26707331,11175716,2394744,30.32200073,30.74907169,34.2636665,0.321395176,62.5
4/3/2022,31.99,32.6,31.57,31.99,28.36,4.01,1.128,4,21004624,8689868,10456699,1858056,30.44985675,30.7975053,34.24098454,0.404368029,64.10257322
7/3/2022,31.16,31.37,30.33,31.16,27.63,3.91,1.128,4,18341414,6302635,10616373,1422406,30.50438557,30.81167104,34.21031535,0.398923393,60.97561525
8/3/2022,31.37,32.4,31.16,32.4,28.72,4.06,1.128,4,56654660,27923057,26090806,2640797,30.64995804,30.87383404,34.1922707,0.488877029,70.45455214
9/3/2022,33.02,33.43,32.4,33.43,29.64,4.19,1.128,4,56651510,27189381,24409384,5052745,30.8636977,30.97401991,34.18467172,0.636086793,72.91667469
10/3/2022,33.22,33.64,33.02,33.22,29.45,4.17,1.128,4,21708861,8989469,10672829,2046563,31.04512289,31.06218482,34.17509514,0.727712384,72.91667469
11/3/2022,33.02,33.84,32.4,33.84,30,4.24,1.128,4,21607702,10585359,8619117,2403225,31.26021116,31.17116857,34.1717735,0.840588324,75.9999963
14/3/2022,33.84,34.05,33.22,34.05,30.19,4.27,1.128,4,16656358,8040633,5429154,3186572,31.47462744,31.28397069,34.17053817,0.935905683,71.42857457
15/3/2022,33.84,34.26,33.02,33.02,29.27,4.14,1.128,4,20650385,7158550,11186983,2304852,31.59318508,31.35188858,34.159049,0.917614416,61.36364353
16/3/2022,33.43,34.26,33.43,33.84,30,4.24,1.128,4,18233955,9937941,6858222,1437792,31.76611472,31.4495114,34.15588703,0.958669877,70.45454593
17/3/2022,34.05,34.05,32.81,32.81,29.09,4.11,1.128,4,27467538,9768333,15416887,2282319,31.84637701,31.50284525,34.14249039,0.897606307,59.99999589
18/3/2022,32.81,33.02,32.6,32.6,28.91,4.09,1.128,4,17183597,2772486,5461137,8949974,31.90459233,31.54599548,34.12717383,0.823074504,58.69565261
21/3/2022,32.6,33.22,32.6,32.6,28.91,4.09,1.128,4,7199498,2929979,2696041,1573478,31.95832954,31.58745354,34.11200967,0.755300875,57.77778143
22/3/2022,32.6,32.6,31.37,32.19,28.54,4.04,1.128,4,22110105,7975213,12385385,1749507,31.97618722,31.61110161,34.09288996,0.660672776,56.52174699
23/3/2022,32.4,32.6,31.78,31.99,28.36,4.01,1.128,4,9989550,3561284,4730853,1697413,31.97679812,31.62573013,34.07190727,0.562543922,47.49999711
24/3/2022,31.99,32.19,31.78,31.99,28.36,4.01,1.128,4,8399717,2915199,3926305,1558213,31.97736203,31.63978499,34.05113335,0.479251585,50
25/3/2022,32.19,32.19,31.57,31.78,28.17,3.98,1.128,4,10438406,4805844,4032916,1599646,31.96200961,31.64519658,34.02851293,0.392071656,54.28572711
28/3/2022,31.78,32.19,31.57,31.99,28.36,4.01,1.128,4,6636278,3071602,2798533,766144,31.96371109,31.65848804,34.0081708,0.335761083,46.6666605
29/3/2022,31.99,32.4,31.78,32.19,28.54,4.04,1.128,4,8491063,3668016,3724350,1098697,31.9811548,31.67935044,33.99008432,0.30427777,38.46153573
30/3/2022,32.19,32.4,31.37,31.78,28.17,3.98,1.128,4,35492059,13131297,19927370,2433391,31.96551063,31.68321045,33.96807134,0.243221967,37.03702563
31/3/2022,31.78,32.19,31.57,31.78,28.17,3.98,1.128,4,9173372,3287852,4762473,1123048,31.95106985,31.68691908,33.9462774,0.192614463,29.16668111
1/4/2022,31.57,31.78,30.95,31.37,27.81,3.93,1.128,4,19050376,6772570,9706790,2571016,31.90599385,31.67429801,33.92059387,0.117847835,23.99996598
4/4/2022,31.37,31.78,31.16,31.37,27.81,3.93,1.128,4,8783395,3730166,3580062,1473167,31.86438523,31.66217188,33.89516589,0.057926998,29.99996303
5/4/2022,31.57,31.57,30.95,31.16,27.63,3.91,1.128,4,7124265,2587855,3069179,1467231,31.81010417,31.64242912,33.86793768,-0.006140658,11.76471548
7/4/2022,30.95,30.95,30.33,30.54,27.08,3.83,1.128,4,15514290,4361229,10034254,1118807,31.71237956,31.59918423,33.83482073,-0.105648816,13.33334566
8/4/2022,30.54,30.75,30.33,30.33,26.89,3.8,1.128,4,5306067,1545250,3043616,717200,31.60629928,31.54954311,33.79998009,-0.198867916,13.33334566
11/4/2022,30.33,30.54,29.92,30.13,26.71,3.78,1.128,4,4820988,184873,3555833,1080282,31.49250591,31.49375654,33.76343288,-0.286097517,12.50000722
12/4/2022,30.13,30.13,29.51,30.13,26.71,3.78,1.128,4,10494013,3715507,5152450,1626057,31.38746589,31.44015768,33.72724932,-0.351179426,14.28571429
18/4/2022,29.92,30.95,29.92,30.33,26.89,3.8,1.128,4,17782556,7935960,8984986,861609,31.30637896,31.3967529,33.69347904,-0.381706486,21.42860444
19/4/2022,30.54,30.95,30.54,30.75,27.26,3.86,1.128,4,7052666,2288497,3814000,950169,31.2632754,31.37123446,33.66415122,-0.368352082,31.24998917
20/4/2022,30.75,30.95,30.54,30.75,27.26,3.86,1.128,4,3889597,1439003,2090783,359811,31.22348751,31.34671675,33.63511521,-0.353691486,33.33331279
21/4/2022,30.95,31.37,30.75,31.16,27.63,3.91,1.128,4,9103348,4371042,3478298,1254009,31.21850627,31.33934478,33.61047458,-0.305252754,37.5
22/4/2022,31.16,31.16,30.54,30.95,27.44,3.88,1.128,4,6989184,2638617,3361874,988694,31.19803525,31.32416981,33.5840259,-0.280284359,31.24998917
25/4/2022,30.75,31.57,30.75,31.37,27.81,3.93,1.128,4,13883993,7375285,4328518,2180190,31.21088499,31.3257742,33.56194686,-0.224606265,43.74999639
26/4/2022,31.37,31.78,31.16,31.16,27.63,3.91,1.128,4,8402504,2670358,4129956,1602190,31.20687318,31.3192235,33.53803427,-0.194885206,41.1764546
27/4/2022,31.16,31.78,30.95,31.78,28.17,3.98,1.128,4,31056324,12273202,11790182,6992940,31.25078913,31.33720613,33.5205193,-0.11999573,55.55555556
28/4/2022,32,32.22,31.56,31.78,26.16,3.7,1.128,4,13050174,6227922,4912476,1909776,31.29132663,31.35448341,33.50317858,-0.059954471,55.5554985
29/4/2022,32,32.89,32,32.67,28.96,4.1,1.128,4,20157273,8713466,8661267,2782540,31.39712183,31.40594148,33.49485506,0.05867804,67.1479543
3/5/2022,32.89,32.89,31.78,32,28.37,4.01,1.128,4,5071437,901339,3321858,848239,31.44349707,31.42923789,33.47998088,0.097773861,66.42854384
5/5/2022,32.44,32.67,32,32.22,28.57,4.04,1.128,4,9432895,4343346,4216785,872764,31.50339894,31.46033528,33.46746586,0.145017319,71.17432944
6/5/2022,31.56,31.78,31.33,31.56,27.98,3.96,1.128,4,7764090,2998088,3585893,1180110,31.50741097,31.4640694,33.44844187,0.127197469,64.51611153
9/5/2022,31.33,31.56,30.22,30.89,27.39,3.87,1.128,4,11488919,4008662,6401395,1078862,31.45983223,31.44151324,33.42297367,0.058605017,56.81815389
10/5/2022,30.67,31.56,30.22,31.33,27.78,3.93,1.128,4,10323771,6047249,3289121,987400,31.45010145,31.43727084,33.40218121,0.039650902,58.58307254
11/5/2022,31.33,31.56,30.89,31.33,27.78,3.93,1.128,3,8960738,4254472,3907976,798290,31.44111919,31.43319481,33.38159565,0.024348951,55.425197
12/5/2022,31.56,31.56,30,30.44,25.72,3.66,1.128,3,20124423,6941838,11101699,2080886,31.36445192,31.3944203,33.35237027,-0.058825636,47.60704718
13/5/2022,30.67,30.89,30.22,30.22,25.53,3.64,1.128,3,10121948,3113399,4545956,2462594,31.27658803,31.34845171,33.32122451,-0.141047746,42.33764661
17/5/2022,30.44,30.67,29.78,30,25.34,3.61,1.184,3,20138936,11167960,7370908,1600067,31.17838895,31.29557125,33.2881775,-0.221586457,42.22796403
18/5/2022,30.22,30.44,29.78,30,25.34,3.61,1.184,3,13148498,6614692,5132523,1401282,31.08774365,31.24476454,33.25545931,-0.282161386,38.05553664
19/5/2022,29.56,30,29.56,30,25.34,3.61,1.184,3,9221622,4400832,2617617,2203172,31.00407106,31.19595024,33.22306668,-0.326404861,39.48125614
20/5/2022,30.22,30.22,29.33,29.78,25.15,3.58,1.184,3,13744291,4051412,7709416,1983463,30.90974073,31.14033559,33.18878519,-0.375076052,30.43474367
23/5/2022,29.78,30,29.33,29.78,25.15,3.58,1.184,3,11529531,4083024,5473394,1973113,30.82266657,31.08690191,33.15484481,-0.408934381,30.43476638
24/5/2022,29.78,30,29.56,29.78,25.15,3.58,1.184,-,8215997,2743841,4261784,1210372,30.74229043,31.03556367,33.12124214,-0.430801341,15.78946893
25/5/2022,29.78,30,29.11,29.33,24.78,3.53,1.184,3,13071099,2934751,7087186,3049162,30.63390902,30.96880949,33.08355149,-0.478478431,16.66665077
26/5/2022,29.33,29.78,28.67,29.78,25.15,3.58,1.184,3,19252672,10488356,6314434,2449882,30.56805269,30.92210232,33.05065821,-0.474925257,21.05263633
27/5/2022,30,30.44,29.78,30,25.34,3.61,1.184,3,23021600,10275509,9997413,2748678,30.52435633,30.88594145,33.0203034,-0.449001965,29.41178253
30/5/2022,30.22,30.44,29.33,30,25.34,3.61,1.184,3,43205422,15398695,24240859,3565868,30.48402122,30.85119864,32.99025063,-0.423574861,35.71431637
31/5/2022,29.78,30,29.56,29.78,25.15,3.58,1.184,3,26972438,12681179,10411182,3880077,30.42969472,30.80910367,32.95828572,-0.41655349,23.07694847
1/6/2022,29.78,30,29.33,29.78,25.15,3.58,1.184,3,23825290,9235122,12480369,2109799,30.37954718,30.76865947,32.92663886,-0.406305368,23.07694847
2/6/2022,29.78,29.78,29.33,29.56,24.97,3.56,1.184,3,7259984,915626,5604905,739453,30.3161632,30.72108676,32.89309574,-0.411373013,30.00001717
6/6/2022,29.56,29.56,29.11,29.33,24.78,3.53,1.184,3,10212285,2212172,6794015,1206097,30.2405608,30.66666501,32.85767521,-0.428382593,30.00001717
7/6/2022,29.33,29.56,29.11,29.33,24.78,3.53,1.184,3,7332433,2005287,4253347,1073799,30.17077398,30.61437744,32.82260712,-0.436827333,33.33333333
8/6/2022,29.33,29.78,29.11,29.33,24.78,3.53,1.184,3,9321521,4697829,3083024,1540668,30.10635537,30.56414037,32.78788796,-0.438465493,33.33333333
9/6/2022,29.33,29.78,29.11,29.56,24.97,3.56,1.184,3,11005287,5254922,5109461,640904,30.06398613,30.52458801,32.75572545,-0.417024981,40.00001717
10/6/2022,29.33,29.33,28.89,29.11,24.59,3.5,1.184,3,14600967,3794353,9260884,1545731,29.99068802,30.46915753,32.71946063,-0.430928712,36.36367183
13/6/2022,28.67,28.89,28,28.22,23.84,3.4,1.184,3,23102486,5135673,13641579,4325233,29.85465213,30.38104239,32.67471198,-0.507819629,26.666701
14/6/2022,28,28.22,27.56,28.22,23.84,3.4,1.184,3,19760378,8452582,9399820,1907976,29.72908053,30.29638274,32.63040859,-0.562274683,26.666701
15/6/2022,28.22,28.22,27.56,27.78,23.46,3.34,1.184,3,17367308,6520981,8920238,1926088,29.57898024,30.19761388,32.58212369,-0.633985484,26.666701
16/6/2022,28,28.44,26.44,26.67,22.53,3.21,1.184,3,40432895,13385420,22768365,4279109,29.35495607,30.05914533,32.52326342,-0.771579865,11.1111535
17/6/2022,26.67,26.89,26.22,26.89,22.71,3.24,1.184,3,22251997,11606255,5330521,5315221,29.16525848,29.93482149,32.46719998,-0.852861736,11.11111111
20/6/2022,26.67,26.89,26.44,26.67,22.53,3.21,1.184,3,9018225,4876702,3052649,1088874,28.97305906,29.80665853,32.40948322,-0.924551953,10.52631817
21/6/2022,26.89,26.89,26,26.67,22.53,3.21,1.184,3,14359883,4345258,7961300,2053324,28.79564421,29.68352157,32.35234076,-0.970183298,11.11111641
22/6/2022,26.44,26.44,25.56,25.78,21.78,3.1,1.184,3,27347846,7100236,13143886,7103724,28.56350056,29.53035511,32.28692221,-1.06578668,9.090912638
23/6/2022,26,26.44,25.56,26,21.96,3.13,1.184,-,15780290,7065924,7368208,1346158,28.36630821,29.39190981,32.22436577,-1.110816684,13.63638314
24/6/2022,26.22,26.67,25.78,26,21.96,3.13,1.184,3,12473394,4518281,5790190,2164923,28.1842845,29.25889374,32.16243178,-1.133437723,14.28573764
27/6/2022,26.22,26.67,26.22,26.44,22.34,3.18,1.184,3,8899539,2799978,4179435,1920126,28.05045066,29.14852319,32.10553639,-1.102789815,21.73915315
28/6/2022,26.22,26.89,26.22,26.67,22.53,3.21,1.184,3,11553606,6161210,4143998,1248397,27.94400569,29.05119546,32.05141828,-1.048483455,25.00000894
29/6/2022,26.67,26.67,26.44,26.44,22.34,3.18,1.184,3,6166948,3043199,1394308,1729441,27.82865484,28.94896993,31.99562749,-1.011714268,20.83333035
30/6/2022,26.44,26.67,25.33,26,21.96,3.13,1.184,3,11598830,2375745,6923726,2299359,27.68798909,28.83332405,31.93596951,-1.006831268,20.83333035
1/7/2022,25.78,26,25.33,25.78,21.78,3.1,1.184,3,6883564,3085274,2914276,884014,27.54104967,28.71349867,31.87469396,-1.009258909,23.80951797
4/7/2022,25.78,25.78,25.33,25.56,21.59,3.08,1.184,3,6677129,1838227,3498931,1339971,27.38831934,28.58965775,31.81181696,-1.017386442,22.72727095
5/7/2022,25.56,25.78,24.44,24.44,20.65,2.94,1.184,-,25990775,7724491,15594330,2671954,27.16186744,28.42710038,31.73850977,-1.10079563,20
6/7/2022,24.44,25.11,24,24.44,20.65,2.94,1.184,3,19146248,8179323,9544606,1422320,26.95283492,28.2709178,31.66593201,-1.153600029,25
7/7/2022,24.67,25.11,24.44,24.89,21.02,3,1.184,3,11601417,4250197,5467994,1883226,26.79406973,28.13828916,31.59849873,-1.146370436,28.57141689
8/7/2022,25.11,25.33,24.44,24.89,21.02,3,1.184,3,11610980,3916076,6406120,1288784,26.64751724,28.01086164,31.53173643,-1.127642174,29.99998283
11/7/2022,24.67,24.67,24.22,24.44,20.65,2.94,1.184,3,10394983,3865002,5121948,1408032,26.47805012,27.87100215,31.46121611,-1.135572534,27.27272018
12/7/2022,24.44,24.67,23.78,23.78,20.09,2.86,1.184,3,17678479,4613680,10926538,2138261,26.27033678,27.7104835,31.38476398,-1.182026269,28.57141689
14/7/2022,23.78,24.22,23.56,23.56,19.9,2.83,1.184,3,9772415,3423107,4482956,1866352,26.06150744,27.54754514,31.3068614,-1.222678322,23.80949656
15/7/2022,23.78,23.78,23.11,23.33,19.71,2.81,1.184,-,18337383,7710991,7816515,2809877,25.85164779,27.38228189,31.2275228,-1.258321779,22.72724081
18/7/2022,23.33,24.22,23.11,23.78,20.09,2.86,1.184,-,26384408,14390033,10299021,1695354,25.69211925,27.24092874,31.15339598,-1.23645344,22.72724081
19/7/2022,23.56,24.22,23.33,24,20.27,2.89,1.184,3,12571943,5678367,5284284,1609292,25.56195623,27.1138335,31.08221791,-1.187502275,22.72727095
20/7/2022,24.44,24.89,24,24,20.27,2.89,1.184,3,21130273,10224435,7395545,3510294,25.44180575,26.99172238,31.01174808,-1.135617433,23.80951797
21/7/2022,24,24.89,23.78,24.44,20.65,2.94,1.184,3,14203060,8674092,4522331,1006637,25.36508567,26.89182914,30.94640178,-1.046571132,33.33333333
22/7/2022,24.67,24.89,24.22,24.67,20.84,2.97,1.184,3,8916526,3822815,4177410,916301,25.31136108,26.80456784,30.88391684,-0.947151714,38.09523615
25/7/2022,24.44,25.33,24.22,25.11,21.21,3.02,1.184,3,17107549,10196760,5406570,1504219,25.2959572,26.73815775,30.82647599,-0.823010981,45.45454191
26/7/2022,25.33,26,25.11,25.11,21.21,3.02,1.184,3,41162110,21792553,17203172,2166385,25.28173824,26.67435199,30.76960668,-0.716370681,58.82352347
27/7/2022,25.11,25.56,24.89,25.33,21.4,3.05,1.184,3,9676342,5540106,2673642,1462594,25.285707,26.62176297,30.71551439,-0.606929758,61.11109787
1/8/2022,25.56,26.22,25.33,26,21.96,3.13,1.184,3,20145573,11016200,7116999,2012375,25.34065261,26.59738011,30.66859385,-0.461087379,63.157909
2/8/2022,25.78,26,25.56,25.78,21.78,3.1,1.184,3,8689841,4266847,3270559,1152436,25.37427754,26.5652388,30.61992901,-0.359296064,60
3/8/2022,25.56,26,25.56,25.78,21.78,3.1,1.184,3,5433907,3091124,1877939,464844,25.40531594,26.53435793,30.57174839,-0.275450491,66.66663488
4/8/2022,26,26.89,26,26.67,22.53,3.21,1.184,3,27065137,14859264,9125436,3080436,25.50234287,26.53954649,30.53289185,-0.135711929,84.2105073
5/8/2022,27.11,27.11,26.67,26.67,22.53,3.21,1.184,3,15903589,7064237,5632130,3207222,25.59190619,26.54453157,30.49442194,-0.024683575,88.8888465
8/8/2022,26.89,27.33,26.44,27.11,22.9,3.26,1.184,3,8468894,3699404,3458994,1310496,25.70876808,26.56675035,30.46075715,0.098040021,94.73682071
9/8/2022,27.11,27.56,26.89,27.11,22.9,3.26,1.184,3,10406007,4638205,3673192,2094611,25.81664058,26.58809782,30.42742733,0.193073721,94.1176233
10/8/2022,27.11,27.11,26,26.44,22.34,3.18,1.184,1,25305321,9336033,13200810,2768478,25.8649332,26.58246436,30.38779566,0.212148717,78.94736367
11/8/2022,26.89,28,26.22,26.44,21.05,3.13,1.184,2,43443469,19180673,20842164,3420632,25.90951101,26.57705182,30.34855834,0.224675866,78.94736367
15/8/2022,26.44,27.33,26.44,26.89,21.4,3.19,1.256,2,17197323,9319046,5711216,2167060,25.98484765,26.58928067,30.31413375,0.267384297,78.94735416
16/8/2022,26.89,27.56,26.89,27.11,21.58,3.21,1.256,2,8436945,3726628,3463944,1246372,26.07148327,26.60974459,30.28226288,0.315525418,78.94736367
17/8/2022,27.11,27.33,26.67,27.11,21.58,3.21,1.256,2,14209022,5359771,7436607,1412645,26.15145461,26.62940601,30.25070912,0.349647088,76.4705823
18/8/2022,27.11,27.11,26.67,27.11,21.58,3.21,1.256,2,13315334,4905276,6860389,1549668,26.22527431,26.64829639,30.21946934,0.372396009,76.4705823
19/8/2022,27.11,27.11,26.67,26.89,21.4,3.19,1.256,2,10727753,5126898,4083474,1517381,26.27632147,26.65773133,30.18632922,0.368248195,70.58821747
22/8/2022,26.89,26.89,26,26.44,21.05,3.13,1.256,2,12562830,2703229,8320846,1538756,26.28925402,26.64936715,30.14909654,0.3253478,56.25000335
23/8/2022,26.22,26.89,26.22,26.67,21.22,3.16,1.256,2,9062099,5298909,2496906,1266284,26.31828572,26.65004553,30.11444549,0.305755773,62.50001341
24/8/2022,26.67,26.89,26.44,26.67,21.22,3.16,1.256,2,6760828,2822815,2789290,1148723,26.3450842,26.65069732,30.08013923,0.286921499,62.50001341
25/8/2022,26.89,27.11,26.67,26.89,21.4,3.19,1.256,2,4746091,1450332,2170660,1125098,26.38691522,26.66003811,30.04838548,0.286622601,53.84614369
26/8/2022,26.89,27.33,26.67,26.89,21.4,3.19,1.256,2,7629767,1913376,4370345,1346046,26.42552846,26.66901259,30.01694768,0.283122068,53.84614369
29/8/2022,26.44,26.44,25.33,25.56,20.34,3.03,1.256,2,31165935,11344358,16480032,3341546,26.35860745,26.6253476,29.97255572,0.170790351,29.41174095
30/8/2022,25.78,25.78,25.11,25.56,20.34,3.03,1.256,2,11908314,1906064,7308921,2693329,26.29683421,26.58339496,29.92860547,0.080834842,29.41174095
31/8/2022,25.33,25.78,25.11,25.56,20.34,3.03,1.256,2,7641579,3333783,2850377,1457419,26.23981276,26.54308752,29.88509253,0.009435684,35.71425944
1/9/2022,25.56,25.78,24.89,25.11,19.99,2.98,1.256,2,11633255,3383170,6607042,1643042,26.15298953,26.48693157,29.83759022,-0.08206563,31.24996983
2/9/2022,25.11,25.33,24.89,25.11,19.99,2.98,1.256,2,9337158,3663967,4053549,1619642,26.072845,26.43297781,29.79056058,-0.152819474,21.42856705
5/9/2022,25.11,25.33,24.67,25.11,19.99,2.98,1.256,-,4654629,1361120,2571830,721678,25.99886544,26.38113988,29.74399889,-0.206511864,15.38457475
6/9/2022,25.11,25.33,24.89,25.11,19.99,2.98,1.256,2,6275397,1757116,2418382,2099899,25.93057661,26.33133482,29.6979005,-0.24622514,15.38457475
7/9/2022,25.11,25.33,24.89,25.11,19.99,2.98,1.256,2,4737428,1962763,754528,2020137,25.86754077,26.28348289,29.6522608,-0.274533546,15.38457475
8/9/2022,25.33,25.78,25.11,25.56,20.34,3.03,1.256,2,13027225,5303859,5211835,2511531,25.84354189,26.25493671,29.61149756,-0.258129634,28.57141981
9/9/2022,25.56,25.78,25.56,25.56,20.34,3.03,1.256,2,3012600,739453,1266847,1006300,25.82138908,26.22750999,29.57113993,-0.242335918,33.33330949
12/9/2022,25.78,27.11,25.78,26.89,21.4,3.19,1.256,2,26091011,15958826,8074474,2057712,25.90350434,26.25344636,29.54445085,-0.12083759,52.94116756
13/9/2022,26.89,27.11,26.44,26.67,21.22,3.16,1.256,2,8192710,2949938,3015412,2227360,25.96220908,26.26965105,29.51581617,-0.041996586,50
14/9/2022,26.22,26.67,26,26.67,21.22,3.16,1.256,2,9879402,4101024,2556643,3221735,26.01639808,26.28522027,29.48746642,0.020252024,47.05883244
15/9/2022,26.89,26.89,26.22,26.22,20.87,3.11,1.256,2,6195860,2130723,3345146,719991,26.03223064,26.28274972,29.45497642,0.033337236,42.10526554
16/9/2022,26.22,26.22,25.56,25.56,20.34,3.03,1.256,2,20275959,2082574,5681066,12512319,25.99556331,26.2542323,29.41617621,-0.009972064,50
19/9/2022,25.56,25.78,24.89,25.33,20.16,3,1.256,2,8177073,2044437,4763528,1369108,25.94462244,26.21811856,29.37555089,-0.061517424,47.05880868
20/9/2022,25.33,25.78,25.11,25.33,20.16,3,1.256,2,7866464,2741591,3977163,1147711,25.89760011,26.18342105,29.33532981,-0.101200912,47.05880868
21/9/2022,25.11,26.67,24.89,25.11,19.99,2.98,1.256,2,19015637,7503206,9210710,2301721,25.83710092,26.14136967,29.29329778,-0.148865738,50
22/9/2022,25.11,25.33,24.44,24.89,19.81,2.95,1.256,2,21476094,7952976,10958601,2564518,25.76416142,26.09225271,29.2494728,-0.202240713,47.05880868
23/9/2022,24.89,25.11,24.44,24.89,19.81,2.95,1.256,2,9912814,3615142,5142198,1155473,25.69683265,26.04506192,29.20608389,-0.241753976,47.05880868
26/9/2022,24.44,24.67,24,24.22,19.28,2.87,1.256,2,9958601,3654854,4295534,2008212,25.58340101,25.97357798,29.15649322,-0.323137965,39.99999142
27/9/2022,24.22,24.67,24,24.22,19.28,2.87,1.256,2,10678929,5344921,3680391,1653617,25.47869489,25.90489732,29.10739599,-0.383217866,39.99999142
28/9/2022,24.22,24.89,23.56,24.22,19.28,2.87,1.256,2,21303859,10139273,8996625,2167960,25.38204308,25.83891003,29.05878728,-0.425921858,33.33331744
29/9/2022,24.67,24.89,23.56,23.78,18.93,2.82,1.256,2,9099224,2559681,4952976,1586568,25.25863797,25.75808127,29.00623992,-0.489979866,29.99998283
30/9/2022,23.78,24.22,23.56,24,19.1,2.84,1.256,2,4751491,1756216,2075937,919339,25.16181967,25.68913691,28.95642658,-0.516856735,6.666697184
3/10/2022,24,24.22,23.11,23.33,18.57,2.76,1.256,2,17043762,4474069,10807965,1761728,25.02116677,25.59675241,28.90047539,-0.585205493,5.882376701
4/10/2022,23.78,23.78,23.11,23.56,18.75,2.79,1.256,2,12445269,5377883,5848802,1218585,24.90842743,25.51670546,28.84729211,-0.614358868,11.1111535
5/10/2022,23.78,24.22,23.56,23.78,18.93,2.82,1.256,2,12395995,6456857,4868602,1070537,24.8214543,25.44851218,28.79684917,-0.61247153,17.64707961
6/10/2022,24,24.67,24,24.22,19.28,2.87,1.256,2,16052424,5999888,8050962,2001575,24.77535946,25.40042234,28.75133049,-0.568558838,31.25001006
7/10/2022,24,24,23.11,23.33,18.57,2.76,1.256,-,11910789,2401282,6596468,2913039,24.66443428,25.31935998,28.69742005,-0.598583555,26.31580612
10/10/2022,22.67,22.67,21.78,21.78,17.33,2.58,1.256,2,45799415,19543256,19676229,6579930,24.4423837,25.18047436,28.62856788,-0.739375612,19.23078574
11/10/2022,21.78,22.13,21.78,21.96,17.47,2.6,1.256,2,10134998,3925638,3727528,2481831,24.25108918,25.05400693,28.56216974,-0.827075107,22.48063821
12/10/2022,22.04,22.44,21.96,22.13,17.62,2.62,1.256,2,11924513,5908201,4775565,1240747,24.08818487,24.93947071,28.49820122,-0.87217844,25.78127672
17/10/2022,22.13,22.13,21.16,21.6,17.19,2.56,1.256,2,18613342,8226460,9234560,1152323,23.89678607,24.80851109,28.42956241,-0.940121522,23.57145616
18/10/2022,22.13,22.67,21.87,22.44,17.86,2.66,1.256,2,27367195,12441557,10614130,4311509,23.7850675,24.7158026,28.370009,-0.91527657,36.11112684
19/10/2022,22.44,22.67,22.22,22.22,17.69,2.63,1.256,2,14389808,4208910,7508044,2672854,23.66484856,24.6180151,28.30883698,-0.903107863,34.8993391
20/10/2022,22.22,22.67,21.96,22.22,17.69,2.63,1.256,2,12894589,7643717,4232985,1017887,23.55387724,24.52406241,28.24827364,-0.883282148,34.8993391
21/10/2022,22.44,22.67,22.22,22.44,17.86,2.66,1.256,2,5161885,2451344,2023062,687479,23.46853627,24.44250877,28.1905241,-0.839956074,39.58335196
25/10/2022,22.67,22.67,22.22,22.44,17.86,2.66,1.256,2,8861739,5080886,2590505,1190348,23.38975999,24.36415331,28.13334918,-0.796438995,37.41008238
26/10/2022,22.44,23.11,22.44,22.44,17.86,2.66,1.256,2,9104849,4822927,3379008,902914,23.31704343,24.28887062,28.07674316,-0.753268189,41.93550173
27/10/2022,22.67,23.33,22.67,23.11,18.39,2.74,1.256,2,7832490,5280459,1709754,842277,23.30120245,24.24268396,28.02733388,-0.65767932,46.26865576
28/10/2022,22.89,23.11,22.67,22.89,18.22,2.71,1.256,2,5760265,2113961,2609180,1037125,23.26948591,24.1895939,27.97620506,-0.593020048,42.53731391
31/10/2022,22.89,23.33,22.89,23.11,18.39,2.74,1.256,2,5929463,2287434,2681404,960625,23.2573032,24.14730044,27.92779616,-0.517875798,40.31008809
1/11/2022,23.11,23.56,22.89,23.33,18.57,2.76,1.256,2,5624705,2697941,1871189,1055574,23.26315157,24.11538011,27.8820801,-0.435373318,50
2/11/2022,23.33,23.78,23.11,23.33,18.57,2.76,1.256,2,9643604,4829002,3696591,1118011,23.26855007,24.08471156,27.83681893,-0.365773103,72.15187673
3/11/2022,23.11,23.33,22.67,23.33,18.57,2.76,1.256,2,8246934,3243222,2303296,2700416,23.2735333,24.0552457,27.79200811,-0.307074666,70.66664073
4/11/2022,23.33,23.78,23.11,23.56,18.75,2.79,1.256,2,7554618,3879627,2555518,1119474,23.29522731,24.03565,27.74985436,-0.239859222,71.05261078
7/11/2022,23.78,24,23.56,24,19.1,2.84,1.256,2,5707391,2053099,2062774,1591518,23.34944059,24.03425196,27.71254237,-0.149009837,86.4864379
8/11/2022,24,24,23.11,23.33,18.57,2.76,1.256,2,17605130,6878164,8990100,1736866,23.34820147,24.0067649,27.66896814,-0.129314914,64.28566612
9/11/2022,23.11,23.11,22.44,22.89,18.22,2.71,1.256,2,17524018,5074249,10709079,1740691,23.31286962,23.96292657,27.62140515,-0.147865019,59.99997711
10/11/2022,22.67,22.89,22.22,22.44,17.43,2.56,1.256,2,13520643,6504894,6283834,731916,23.2460677,23.90337826,27.5698931,-0.196167627,52.94118835
11/11/2022,23.11,24.22,23.11,24.22,18.81,2.77,1.256,2,38845652,15453032,16925638,6466982,23.32115644,23.91588191,27.53658294,-0.089959077,66.66665475
14/11/2022,24,24.22,23.56,24.22,18.81,2.77,1.288,2,11974688,3980763,4455507,3538418,23.39046913,23.92789522,27.50360421,-0.005722075,66.66665475
15/11/2022,24,24.44,23.78,24.22,18.81,2.77,1.288,2,3189448,1118461,1046799,1024187,23.45445007,23.93943742,27.47095364,0.060340784,66.66665475
16/11/2022,24,24.44,23.33,23.56,18.29,2.69,1.288,2,12103049,3140848,6286984,2675217,23.4622274,23.92438323,27.43199445,0.058230455,54.16666816
17/11/2022,23.56,23.56,22.67,23.11,17.95,2.64,1.288,2,15034762,5167510,7784228,2083024,23.43521842,23.89249018,27.38900058,0.020459194,52.00000961
18/11/2022,23.11,23.33,22.89,23.11,17.95,2.64,1.288,2,5662167,1989088,2727303,945776,23.41028706,23.86184785,27.34643451,-0.009366828,50
21/11/2022,23.11,24,23.11,23.56,18.29,2.69,1.288,2,8745191,5151536,2653954,939701,23.42146154,23.84983638,27.30871432,0.002826225,52.00000961
22/11/2022,23.56,24,23.11,23.33,18.12,2.66,1.288,2,8530093,2668804,4450332,1410957,23.41468235,23.82958131,27.26915828,-0.005380234,50
23/11/2022,23.33,23.78,23.33,23.78,18.46,2.72,1.288,2,5437170,3159073,1201710,1076387,23.44261269,23.82754976,27.23441817,0.023705792,53.57142967
24/11/2022,23.78,24.44,23.78,24,18.64,2.74,1.288,2,15962088,6170548,4895489,4896051,23.48548863,23.83431251,27.2022349,0.063951051,53.57142967
25/11/2022,24.44,24.89,24.22,24.67,19.15,2.82,1.288,2,15173923,6920913,6134661,2118349,23.57634843,23.86695383,27.17700536,0.147934785,55.17240869
28/11/2022,24.44,24.67,24,24.67,19.15,2.82,1.288,2,15573518,3210935,3617392,8745191,23.66021902,23.89831509,27.15202686,0.212048141,61.53846916
29/11/2022,24.67,24.67,24,24.67,19.15,2.82,1.288,2,7806165,3010800,3714816,1080549,23.73763802,23.9284465,27.1272969,0.2598629,66.66667859
30/11/2022,24.44,24.67,24,24.44,18.98,2.79,1.288,2,7822027,2959051,2637642,2225335,23.79200776,23.94868172,27.10060185,0.276636143,69.56521901
1/12/2022,24.89,25.33,24.89,25.33,19.67,2.89,1.288,2,12481606,6919676,2966925,2595005,23.91057117,24.00298173,27.08301708,0.357533422,63.15789236
2/12/2022,25.33,25.78,25.11,25.56,19.84,2.92,1.288,2,12761053,7089211,4648667,1023175,24.03710841,24.06386697,27.06781846,0.434567239,65.00000644
6/12/2022,25.11,26,24.89,26,20.19,2.97,1.288,2,17415570,9296434,6155586,1963550,24.18810007,24.13979376,27.0571934,0.525423311,68.18182528
7/12/2022,26,26.22,25.56,25.78,20.02,2.94,1.288,2,21050174,11317359,8572843,1159973,24.31038289,24.20402838,27.04446288,0.572891899,74.99997854
8/12/2022,25.78,26.22,25.56,26,20.19,2.97,1.288,2,7553943,4094386,2558443,901114,24.44035344,24.27445864,27.03407022,0.621280919,84.2105073
9/12/2022,26,26.22,25.78,26.22,20.36,2.99,1.288,2,4583193,1209585,1819665,1553943,24.5774202,24.3508415,27.02599212,0.669839482,84.99997854
13/12/2022,26.22,26.44,25.56,26,20.19,2.97,1.288,2,13031725,4990325,7012150,1029250,24.68684942,24.41551438,27.01578324,0.68252338,78.94736367
14/12/2022,26.22,26.44,26,26.22,20.36,2.99,1.288,2,8460682,3748116,3320283,1392283,24.80495495,24.48636563,27.0078871,0.702409924,84.2105382
15/12/2022,26,26.22,25.78,26.22,20.36,2.99,1.288,2,8053887,2956238,4263809,833840,24.91397545,24.55443841,27.00006953,0.709985878,82.35295306
16/12/2022,26,26.22,25.78,26,20.19,2.97,1.288,2,9453369,1250422,1633255,6569693,24.9975158,24.6111271,26.99011859,0.690103386,76.47060902
19/12/2022,25.78,26,25.56,25.78,20.02,2.94,1.288,2,5989538,2186748,2916526,886264,25.05753587,24.65687806,26.97805549,0.648934296,66.66666667
20/12/2022,26,26,24.67,25.33,19.67,2.89,1.288,2,19397120,6435932,11928226,1032962,25.07875096,24.68340567,26.96169008,0.573829774,58.82352347
21/12/2022,25.33,25.33,24.67,25.11,19.5,2.87,1.288,2,9887501,3216785,5515694,1155023,25.08124017,24.70017842,26.94327636,0.490720767,55.55556085
22/12/2022,25.11,25.78,24.89,25.56,19.84,2.92,1.288,2,10973900,5944763,3989988,1039150,25.11772595,24.73372261,26.92946819,0.455468888,63.15789236
23/12/2022,25.11,26.22,25.11,26,20.19,2.97,1.288,2,9143211,4181460,3446282,1515469,25.18559319,24.78338055,26.92021975,0.458113641,58.82354426
26/12/2022,26,26,25.78,26,20.19,2.97,1.288,2,1935538,772640,358758,804140,25.24823986,24.83109111,26.91106333,0.454965072,56.25000335
27/12/2022,26,26.22,25.78,26,20.19,2.97,1.288,2,5691416,2643154,1149286,1898976,25.30606757,24.87693068,26.90199803,0.447313458,50
28/12/2022,26,26.44,26,26.22,20.36,2.99,1.288,2,6873777,4624592,1206547,1042637,25.37654094,24.92968718,26.89523408,0.453948075,57.1428659
29/12/2022,26.22,26.67,26.22,26.44,20.53,3.02,1.288,2,6698616,4467094,1267522,964000,25.45868738,24.98908943,26.89074861,0.471700153,57.1428659
30/12/2022,26.44,26.67,26.22,26.22,20.36,2.99,1.288,2,5055124,1375745,2482169,1197210,25.51742076,25.03744754,26.8840966,0.462505763,50
3/1/2023,26.44,26.67,26.22,26.44,20.53,3.02,1.288,2,7442007,3394308,2940151,1107549,25.84300378,25.22225352,26.91261305,0.731449697,79.22077343
4/1/2023,26.44,26.89,26.44,26.89,20.88,3.07,1.288,2,6602655,3958601,1830352,813702,26.18200349,25.41942005,26.94582088,0.973711188,80.08298436
5/1/2023,26.67,26.89,25.78,26.22,20.36,2.99,1.288,2,20946001,6940488,12296321,1709191,26.43723399,25.5794428,26.9712356,1.092591716,72.0149248
6/1/2023,26,26,25.11,25.56,19.84,2.92,1.288,2,19874339,6605017,11374620,1894701,26.61513907,25.70377837,26.98893475,1.113451483,67.24738034
9/1/2023,25.56,28.44,25.56,28.22,21.91,3.22,1.288,2,65506694,40091349,21067949,4347396,27.01012837,25.9408851,27.03630853,1.356421939,77.77777778
10/1/2023,28,28.22,27.56,27.78,21.57,3.17,1.288,2,18518394,7816740,6521656,4179998,27.33627234,26.14908569,27.07823581,1.491439567,77.37789362
11/1/2023,27.78,28,27.33,27.56,21.4,3.15,1.288,2,17437395,7224885,6939701,3272809,27.61809755,26.33931762,27.11725834,1.560283127,77.17948276
12/1/2023,28,28,26.89,27.11,21.05,3.1,1.288,2,28757116,9787715,14726291,4243109,27.83978235,26.50248164,27.15091746,1.556553345,72.70407775
13/1/2023,27.11,28,26.67,26.89,20.88,3.07,1.288,2,51562493,25191248,20459669,5911576,28.02518371,26.64944314,27.1817541,1.515949632,69.87012593
16/1/2023,26.89,27.33,26.67,27.11,21.05,3.1,1.288,2,20062212,7574980,9361345,3125886,28.21555419,26.80044537,27.21477148,1.486804846,70.55837165
17/1/2023,27.33,28,27.33,27.56,21.4,3.15,1.288,2,20576780,11552593,6949151,2075037,28.42974233,26.96513379,27.25243544,1.486913007,71.84465615
18/1/2023,27.56,27.56,26.89,27.11,21.05,3.1,1.288,2,18109124,5828440,9911014,2369670,28.58899292,27.10375599,27.28474952,1.430166831,68.2464445
19/1/2023,27.11,27.11,26.44,26.89,20.88,3.07,1.288,2,20990663,8374395,9982450,2633817,28.7167627,27.22713811,27.3142545,1.349466359,66.1938499
20/1/2023,26.67,26.67,25.56,25.78,20.02,2.94,1.288,2,34893464,9139273,22781528,2972663,28.73855018,27.2966621,27.33102808,1.17114586,60.86956781
23/1/2023,26,26.44,25.78,26.22,20.36,2.99,1.288,2,12883564,5990663,4765103,2127798,28.79712324,27.38306751,27.35260989,1.057975716,48.71794872
24/1/2023,26.22,26.44,26,26.22,20.36,2.99,1.288,2,12158961,5098324,4744066,2316571,28.85119069,27.46608447,27.37397696,0.957252945,45.94594595
25/1/2023,26,26,25.33,25.33,19.67,2.89,1.288,2,20648329,4851839,12575655,3220835,28.82417602,27.50663018,27.38518117,0.787658148,44.73684211
26/1/2023,25.33,25.56,24.89,24.89,19.33,2.84,1.288,2,9072112,2727641,4706379,1638092,28.76077786,27.52597802,27.39129877,0.60592253,45.94594595
27/1/2023,25.11,25.56,24.89,25.33,19.67,2.89,1.288,2,11565868,4932163,5278547,1355158,28.74071803,27.56417496,27.40233062,0.496518014,25.92592593
30/1/2023,25.33,25.33,24.89,24.89,19.33,2.84,1.288,2,7463944,2862527,2976038,1625380,28.68373972,27.58126613,27.40827758,0.365257861,25.92592593
31/1/2023,24.89,25.11,24.44,24.67,19.15,2.82,1.288,2,16203397,2802790,11008887,2391720,28.61191359,27.58788315,27.4116778,0.238313207,25.92592593
1/2/2023,24.67,25.33,24.44,25.11,19.5,2.87,1.288,2,14651592,6942626,5751491,1957476,28.58407408,27.61384852,27.42001932,0.176025364,33.33333333
2/2/2023,25.56,26.22,25.33,25.78,20.02,2.94,1.288,2,34557656,18626392,13510406,2420857,28.61606838,27.6682074,27.43574052,0.185047421,41.37931034
3/2/2023,26,27.11,25.78,26.89,20.88,3.07,1.288,2,36313084,22478007,11754978,2080099,28.74175543,27.76945417,27.4637431,0.289722281,48.48484848
6/2/2023,26.67,26.89,26.44,26.67,20.71,3.05,1.288,2,12546293,4432782,6962313,1151198,28.83854347,27.85692655,27.48897949,0.3484878,43.75
7/2/2023,26.44,26.67,26,26.22,20.36,2.99,1.288,2,27401845,11407920,15215885,778040,28.88942474,27.9213608,27.50898964,0.350671751,43.75
8/2/2023,26.44,26.67,25.78,25.78,20.02,2.94,1.288,2,13900664,4042187,7033075,2825402,28.89793053,27.96366038,27.52382557,0.308500524,42.42424242
9/2/2023,25.78,26.44,25.78,26.22,20.36,2.99,1.288,2,16326696,6651479,8466982,1208235,28.94424357,28.02390899,27.54348899,0.311830754,53.33333333
10/2/2023,26.22,26.44,25.78,26,20.19,2.97,1.288,2,17306221,6606030,9396558,1303634,28.96776329,28.07199099,27.5604692,0.290943261,48.27586207
13/2/2023,25.78,27.11,25.78,26.44,20.53,3.02,1.288,2,16227922,7569018,7178760,1480144,29.02793535,28.13779527,27.58225558,0.311148864,51.61290323
14/2/2023,26.44,26.67,25.78,26,20.19,2.97,1.288,2,11650579,4085836,7010575,554168,29.04501724,28.18141114,27.59885005,0.283547568,55.17241379
15/2/2023,26,26.22,24.89,25.11,19.5,2.87,1.288,2,14591293,2868939,10455844,1266509,28.98386207,28.1841009,27.60532915,0.17891923,51.61290323
16/2/2023,25.11,25.56,24.89,25.11,19.5,2.87,1.288,2,9987513,4680054,4310721,996738,28.92741114,28.18668518,27.61174379,0.094906496,48.27586207
17/2/2023,24.89,24.89,24.44,24.67,19.15,2.82,1.288,2,5606705,2196873,2628642,781190,28.83684106,28.16956027,27.61311947,-0.011883043,48.27586207
20/2/2023,25.56,26,25.11,25.56,19.72,2.92,1.288,2,16988413,6432557,8503431,2052424,28.83016097,28.19232261,27.62443172,-0.015642561,56.25
21/2/2023,25.56,25.56,24.89,25.33,19.55,2.89,1.288,2,8855439,2588593,4509394,1757453,28.80476398,28.20438839,27.63314384,-0.038352809,51.61290323
22/2/2023,25.33,25.78,24.89,25.11,19.38,2.78,1.288,2,11815727,4846889,5761615,1207222,28.76208982,28.20617708,27.63928171,-0.07565169,44.82758621
23/2/2023,25.11,25.33,24.89,25.33,19.55,2.8,1.288,2,5503769,962425,3235685,1305659,28.74192907,28.21769955,27.64784607,-0.084069312,36
24/2/2023,25.33,25.56,25.11,25.33,19.55,2.8,1.288,2,7663404,3948363,2821577,893464,28.72331914,28.22877016,27.65632522,-0.089706261,37.5
27/2/2023,25.33,25.56,23.56,23.78,18.35,2.63,1.288,2,27140511,4907076,17775003,4458432,28.57152536,28.17077917,27.64730705,-0.232701519,31.03448276
28/2/2023,23.33,23.56,22.13,22.22,17.15,2.46,1.288,2,78076724,12930363,27528181,37618180,28.29679264,28.04643489,27.62096569,-0.481684112,26.47058824
1/3/2023,22.22,22.44,21.69,21.78,16.81,2.41,1.296,2,17563730,5325346,10457982,1780403,28.00473167,27.90735901,27.58991131,-0.711152706,20.58823529
2/3/2023,21.78,21.87,21.42,21.51,16.6,2.38,1.296,2,25185173,12028125,11207785,1949263,27.71206006,27.76197241,27.55618085,-0.906763052,20.46783808
3/3/2023,21.6,21.96,21.51,21.87,16.88,2.42,1.296,2,15563618,8526718,5670379,1366520,27.47267085,27.63797351,27.52676612,-1.017776736,19.52662535
7/3/2023,21.87,22.44,21.78,21.87,16.88,2.42,1.296,2,27085274,10419057,11711554,4954663,27.2516962,27.51883731,27.49764407,-1.093154675,20.75471517
8/3/2023,21.6,21.87,21.42,21.78,16.81,2.41,1.296,2,13964113,6260547,5482056,2221510,27.04002726,27.40045153,27.46781677,-1.1477311,23.40425244
9/3/2023,21.87,22.13,21.6,22.04,17.01,2.44,1.296,2,13831590,6713691,5395095,1722803,26.86771742,27.29847301,27.44127132,-1.153479287,26.53060218
10/3/2023,21.87,21.96,21.51,21.6,16.67,2.39,1.296,2,11421870,3159411,6768253,1494206,26.67020063,27.1808858,27.41001488,-1.18472383,26.53060218
13/3/2023,21.51,21.51,20.98,20.98,16.19,2.32,1.296,2,17204522,6524468,8921251,1758803,26.43403138,27.04045892,27.37210429,-1.25154241,13.47516618
14/3/2023,21.07,21.51,20.71,20.71,15.98,2.29,1.296,2,19449544,7688941,9879402,1881201,26.19295199,26.89377423,27.33158583,-1.313562274,13.38026845
15/3/2023,20.98,21.6,20.89,21.42,16.53,2.37,1.296,2,15177860,9748341,3781753,1647767,26.03195571,26.78421447,27.29943075,-1.283366209,22.87581813
16/3/2023,21.16,21.24,20.89,21.07,16.26,2.33,1.296,2,21339633,10889301,8966363,1483969,25.85257456,26.66326491,27.26361553,-1.276991869,19.23077111
17/3/2023,21.33,21.42,20.98,21.07,16.26,2.33,1.296,2,15110811,5943863,6770840,2396108,25.68699196,26.54705848,27.22815668,-1.257445114,19.23077111
20/3/2023,20.98,21.07,20.53,20.71,15.98,2.29,1.296,2,18022162,8871302,7207222,1943638,25.50337713,26.41972282,27.18907053,-1.2597098,23.2558112
21/3/2023,20.89,21.07,20.53,20.89,16.12,2.31,1.296,2,18652829,7845877,8986500,1820452,25.3492712,26.30522389,27.15236336,-1.231173982,34.69388232
22/3/2023,20.98,21.07,20.44,20.44,15.78,2.26,1.296,2,20185060,4745641,11953313,3486106,25.16855803,26.17560726,27.11104632,-1.234672427,34.69388232
23/3/2023,20.44,21.87,20.44,21.42,16.53,2.37,1.296,2,29839352,18659354,8821015,2358983,25.08636129,26.09421091,27.08108566,-1.135593715,49.12280408
24/3/2023,21.42,21.87,21.42,21.87,16.88,2.42,1.296,2,17340871,7631680,7369333,2339858,25.04894891,26.03561442,27.05639824,-1.005140665,50
27/3/2023,22.04,22.44,21.96,22.22,17.15,2.46,1.296,2,23650692,9483856,10515919,3650917,25.04518361,25.99500209,27.03593657,-0.859570463,53.22580199
28/3/2023,22.44,22.67,22.22,22.67,17.49,2.51,1.296,2,9974013,5793115,1972550,2208347,25.08016949,25.97559025,27.02065362,-0.69583802,57.57575495
29/3/2023,22.67,22.67,22.22,22.67,17.49,2.51,1.296,2,10120373,4866014,3174260,2080099,25.11246414,25.95693965,27.00552274,-0.559627838,55.55555892
30/3/2023,22.67,22.67,22.13,22.22,17.15,2.46,1.296,2,7907751,2065699,4643492,1198560,25.10381305,25.9194126,26.98556729,-0.486418974,55.55555892
31/3/2023,22.22,22.44,22.13,22.22,17.15,2.46,1.296,2,6527731,1603105,3655979,1268647,25.09582743,25.88335721,26.9658104,-0.423518366,62.49998723
3/4/2023,22.44,22.67,22.13,22.44,17.32,2.48,1.296,2,10342108,3965125,5249297,1127686,25.10768686,25.85851967,26.94873766,-0.349467822,67.56756478
4/4/2023,22.67,22.89,22.44,22.67,17.49,2.51,1.296,2,3176285,1539206,944763,692316,25.1378648,25.84446007,26.93432236,-0.267525455,63.99999084
5/4/2023,22.44,22.89,22.13,22.44,17.32,2.48,1.296,2,14870064,6166498,7772190,931376,25.14649058,25.82114791,26.91756293,-0.220219892,65.97936604
7/4/2023,22.44,22.67,22.22,22.44,17.32,2.48,1.296,2,3112274,1115086,1687929,309259,25.15445284,25.79874996,26.90097027,-0.1806475,65.97936604
10/4/2023,22.44,24.22,22.44,23.78,18.35,2.63,1.296,2,27986050,14728991,10161323,3095736,25.27718724,25.83605388,26.89946807,-0.027926709,78.99159933
11/4/2023,23.78,24,23.56,24,18.52,2.65,1.296,2,7218360,4659354,1440094,1118911,25.4097113,25.88169883,26.90046839,0.111987605,79.16666667
12/4/2023,24,24,23.33,23.56,18.18,2.6,1.296,2,9987175,2853189,6389583,744403,25.49357966,25.90594593,26.89648363,0.180444831,79.16666667
17/4/2023,23.78,24,23.33,23.56,18.18,2.6,1.296,2,12901789,5764878,5755766,1381145,25.57099661,25.92924217,26.89253852,0.232023058,74.48979393
18/4/2023,23.56,24,23.33,23.78,18.35,2.63,1.296,2,13701316,7492294,3969513,2239510,25.43305662,25.84487098,26.86154587,0.052631799,44.22775954
19/4/2023,23.8,23.9,23.1,23.2,15.92,2.28,1.296,2,23559700,7001800,12769400,3788500,25.26128309,25.74115057,26.82511258,-0.13460709,37.67123681
20/4/2023,23.1,23.2,22.8,22.9,17.67,2.53,1.296,2,13315400,7234700,4692100,1388600,25.0796459,25.62973289,26.78605673,-0.303701956,31.69013914
21/4/2023,22.7,22.9,22.2,22.4,17.29,2.48,1.296,2,21646400,7411500,11452800,2782100,24.87351926,25.50307668,26.74241437,-0.472608738,29.60526167
24/4/2023,22.4,22.7,22.1,22.2,17.13,2.45,1.296,2,11996900,5138100,5463300,1395500,24.66786399,25.37354429,26.69721623,-0.615511582,30.82192103
25/4/2023,22.2,22.3,21,21.2,16.36,2.34,1.296,2,20740300,8478200,10574100,1688000,24.40110528,25.20987592,26.64251756,-0.800230202,27.10843623
26/4/2023,21.3,21.7,21.1,21.4,16.52,2.37,1.301,2,19669600,8466200,7220700,3982700,24.170251,25.06046901,26.59035321,-0.91987901,26.66665896
27/4/2023,21.3,21.6,21.1,21.1,16.29,2.33,1.301,2,9390100,3893800,4017900,1478400,23.93407788,24.90515651,26.53572283,-1.027069565,23.49396967
28/4/2023,21.3,21.6,21.1,21.2,16.36,2.34,1.301,2,11933700,5551200,5029400,1353100,23.72376425,24.75985629,26.48263107,-1.091369035,25.15337194
2/5/2023,21.3,21.3,20.6,20.8,16.05,2.3,1.301,2,12618800,4307200,7071500,1240100,23.49885925,24.60456777,26.42608747,-1.161217812,23.9766014
3/5/2023,21,22.3,20.7,21.8,16.83,2.41,1.301,2,23371300,11909500,9188500,2273300,23.36817771,24.49458469,26.38005674,-1.122937306,19.25465073
8/5/2023,22.1,23.3,21.8,23.1,17.83,2.55,1.301,2,18751100,10366900,7118800,1265400,23.34754869,24.43989511,26.34741936,-0.976444655,28.57143157
9/5/2023,23.2,23.3,22.7,23.1,17.83,2.55,1.301,2,10626200,4519500,4717800,1388900,23.32850651,24.38735022,26.31510674,-0.850543636,30.23256123
10/5/2023,23.6,26.75,23.6,25.75,19.79,2.74,1.301,2,71311600,40141800,24025100,7144700,23.51477524,24.44078747,26.30948378,-0.530814451,46.66666667
11/5/2023,25.75,26,25.5,25.75,19.79,2.74,1.301,2,21561700,10731000,8819500,2011200,23.68671561,24.49212914,26.30391678,-0.274265209,61.56352557
12/5/2023,25.75,26,25,25.5,19.6,2.72,1.301,2,22159900,11427600,8636900,2095400,23.82619902,24.53165348,26.29591761,-0.090082582,64.02438429
15/5/2023,26,26.25,24.7,25.75,19.79,2.74,1.301,2,44063200,22730100,16991800,4341300,23.97418371,24.57943178,26.29048559,0.075189649,67.48466574
16/5/2023,25.5,26.5,25.5,26.25,20.18,2.8,1.301,2,30802800,13565400,15187300,2050100,24.1492465,24.64494426,26.29008275,0.243705617,73.61963535
17/5/2023,26,26.25,25.25,25.5,19.6,2.72,1.301,2,15768500,4395700,9775200,1597600,24.25315062,24.67847586,26.28222123,0.313127465,68.96551119
18/5/2023,25.75,26.5,25.75,25.75,19.79,2.74,1.301,2,20312200,7946100,10365600,2000500,24.36829288,24.72049641,26.2769255,0.383892418,78.61634466
19/5/2023,25.75,26,25.25,25.75,19.79,2.74,1.301,2,14716300,5806100,6779000,2131200,24.47457804,24.7608691,26.27168246,0.434960202,78.06451168
22/5/2023,25.5,25.5,24.2,25,19.22,2.66,1.301,2,43029000,17692200,21624000,3712800,24.51499512,24.77024678,26.2590289,0.410184703,73.78047773
23/5/2023,25,25.5,24.6,25.25,19.41,2.69,1.301,2,18999100,9105600,7311600,2581900,24.57153395,24.78906063,26.24898881,0.40604225,74.25148579
24/5/2023,25.25,27.25,25,26.5,20.37,2.82,1.301,2,32518600,20535700,7896900,4086000,24.71987749,24.8561563,26.25148644,0.497884576,80.97826245
25/5/2023,26.5,27,26.25,26.75,20.56,2.85,1.301,2,21952500,10408900,8541500,3002100,24.87604076,24.93042468,26.25644677,0.584109936,79.2899427
26/5/2023,27,27.75,26.75,27.5,21.14,2.93,1.301,2,22781500,9329800,10931800,2519900,25.07788378,25.03119234,26.26882043,0.704837954,77.8481002
29/5/2023,27.5,27.75,27,27.25,20.95,2.9,1.301,2,16045200,8699000,5927900,1418300,25.24496965,25.1182044,26.27858342,0.771450071,75.46012155
30/5/2023,27.25,28,27,27.25,20.95,2.9,1.301,2,19059600,8741000,8703500,1615100,25.39920275,25.20180423,26.28824925,0.814847598,63.63636364
31/5/2023,27.25,28,26.75,27.75,21.33,2.96,1.301,2,45989200,12253300,9187100,24548800,25.58003331,25.30173347,26.30279404,0.879448536,66.66666667
1/6/2023,27.5,27.5,26.5,26.5,20.37,2.82,1.301,2,22409900,7263600,12494100,2652200,25.65079998,25.34872432,26.30475628,0.820324502,57.14285714
2/6/2023,26.75,27.25,26.75,27,20.75,2.88,1.301,2,9858400,3848900,4289600,1719900,25.75458459,25.41348023,26.31167413,0.804539866,58.62068966
6/6/2023,27.25,27.25,25.75,26.75,20.56,2.85,1.301,2,21896300,9980500,9210700,2705100,25.83115501,25.46589277,26.31603558,0.76306142,53.57142857
7/6/2023,26.75,27,26,26.75,20.56,2.85,1.301,2,14177600,4510800,7449800,2217000,25.90183539,25.51624991,26.32035364,0.721868205,60
8/6/2023,26.5,27,26,26.75,20.56,2.85,1.301,2,13308500,7009200,4439400,1859900,25.96707882,25.56463227,26.32462873,0.681367901,58.33333333
9/6/2023,26.75,27.5,26.5,27,20.75,2.88,1.301,2,10977700,5206000,3914500,1857200,26.0465343,25.6209212,26.33134884,0.661815037,60
12/6/2023,27,27.25,26.5,26.75,20.56,2.85,1.301,2,7816900,2477500,4298300,1041100,26.10064705,25.6651988,26.33551452,0.61901077,65.2173913
13/6/2023,26.75,27.25,26.5,27.25,20.95,2.9,1.301,2,10684100,6930400,2591100,1162600,26.18905881,25.72734787,26.34461388,0.618306449,66.66666667
14/6/2023,27.25,27.5,27,27,20.75,2.88,1.301,2,9067100,4180000,3788400,1098700,26.2514389,25.77725579,26.35113513,0.590765384,55
15/6/2023,26.5,26.5,24.9,24.9,19.14,2.65,1.301,2,168048100,18621400,37915500,111511200,26.14748203,25.74285359,26.33669597,0.394933859,36.49634833
16/6/2023,25.25,25.5,24.5,24.8,19.06,2.64,1.301,2,26384700,9188500,13316800,3879400,26.04382951,25.70587891,26.32140546,0.229026692,28.22580298
19/6/2023,24.5,24.7,24.2,24.4,18.76,2.6,1.301,2,24586800,8452000,13192000,2942800,25.91738106,25.65466796,26.30228699,0.064523653,27.55905346
20/6/2023,24.4,24.8,23,23.3,17.91,2.48,1.301,2,56488800,20911900,31483800,4093100,25.7083518,25.5584065,26.27141847,-0.160822212,23.17881029
21/6/2023,23.4,23.4,22.9,23.1,17.76,2.46,1.301,2,24706300,9796200,11868900,3041200,25.50770939,25.46199842,26.23986207,-0.343519746,17.48251842
22/6/2023,23.2,23.2,22.6,22.7,17.45,2.42,1.301,2,15686700,5941100,7918200,1827400,25.2917318,25.35368478,26.20463957,-0.514652887,19.84127224
23/6/2023,22.7,23.1,22.3,23,17.68,2.45,1.301,2,18549400,9037100,7355700,2156600,25.11544474,25.26138342,26.17275261,-0.618935005,17.21310655
26/6/2023,22.8,23,22.1,22.2,17.06,2.37,1.301,2,23549000,7548800,11702500,4297700,24.88348748,25.13740761,26.13222772,-0.76537897,15.55554865
27/6/2023,22.3,23.1,22.2,22.6,17.37,2.41,1.301,2,24265100,11702900,10818200,1744000,24.70014229,25.03397986,26.09608615,-0.839483201,20.27971077
28/6/2023,22.6,23.1,22.4,22.5,17.3,2.4,1.301,2,19331900,10198900,7086100,2046900,24.53090058,24.9346081,26.06030419,-0.887975312,20.27971077
29/6/2023,22.6,22.9,22.4,22.5,17.3,2.4,1.301,2,13625700,5761300,6250900,1613500,24.37467745,24.83913328,26.02487828,-0.915848329,17.39129353
30/6/2023,22.8,23.4,22.8,23.1,17.76,2.46,1.301,-,25336600,12865900,10343400,2127300,24.27662537,24.77093199,25.99577502,-0.879385867,24.82758222
3/7/2023,23.1,23.5,22.6,23.4,17.99,2.49,1.301,2,18040400,9103500,7287900,1649000,24.20919262,24.71716993,25.96994641,-0.816865357,22.69502241
4/7/2023,23.5,24.4,23.5,24,18.45,2.56,1.301,2,30313200,14656700,12486400,3170100,24.19310088,24.68904562,25.95034495,-0.710709766,29.72972346
5/7/2023,23.8,24.1,23.7,23.9,18.37,2.55,1.301,2,10270000,3680900,5522300,1066800,24.17055463,24.65810264,25.92994351,-0.627417413,40.74073682
6/7/2023,23.5,23.6,23.1,23.3,17.91,2.48,1.301,2,12586900,3916400,7090000,1580500,24.10358883,24.60484368,25.90377491,-0.602873093,37.28813066
7/7/2023,23.1,23.1,22.7,22.9,17.6,2.44,1.301,2,12539600,4118400,6389300,2031900,24.01100505,24.53798705,25.87388659,-0.608681666,37.28813066
10/7/2023,22.9,23.1,22.6,22.9,17.6,2.44,1.301,2,12244300,5567000,5587700,1089600,23.92554309,24.47375225,25.84429568,-0.606296,46.80849769
11/7/2023,23,23.2,22.6,22.8,17.53,2.43,1.301,2,6896700,2633300,3231600,1031800,23.83896279,24.40811488,25.81400417,-0.60549477,46.80849769
12/7/2023,22.9,22.9,22.2,22.3,17.14,2.38,1.301,2,17410300,6091500,10084700,1234100,23.72058098,24.32544368,25.77903895,-0.63785284,45.83331678
13/7/2023,22.4,22.7,22.1,22.5,17.3,2.4,1.301,-,17592800,8989300,7156000,1447500,23.62669014,24.25385765,25.7464117,-0.639981149,44.68085193
14/7/2023,22.6,23.3,22.6,23,17.68,2.45,1.301,2,19406200,9430700,8514300,1461200,23.5784832,24.20468676,25.71908422,-0.594469356,60.46510906
17/7/2023,23.1,23.5,22.9,23.3,17.91,2.48,1.301,2,11687100,6309200,3251400,2126500,23.55706136,24.16920882,25.69501372,-0.528105825,59.52379871
18/7/2023,23.3,23.5,22.7,22.8,17.53,2.43,1.301,2,15577900,3531400,9336800,2709700,23.49882581,24.11551433,25.6662076,-0.509979346,53.19148073
19/7/2023,22.8,22.8,22.3,22.6,17.37,2.41,1.301,2,29902300,15157700,12743600,2001000,23.42968539,24.05608241,25.63569808,-0.505920283,51.02041214
20/7/2023,22.6,22.8,22.2,22.2,17.06,2.37,1.301,2,13915300,3743400,7542700,2629200,23.33509427,23.98329489,25.60151204,-0.528883433,40.42553364
21/7/2023,22.2,22.3,21.5,21.8,16.76,2.32,1.301,2,34254200,14132100,17653100,2469000,23.21701004,23.89767546,25.56368604,-0.572756297,33.33333333
24/7/2023,21.7,21.7,21.1,21.3,16.37,2.27,1.301,2,18157500,6174800,9779600,2203100,23.06954767,23.7958058,25.52126129,-0.640488527,21.27659229
25/7/2023,21.3,21.5,21.2,21.5,16.53,2.29,1.301,2,8715100,3807800,3592300,1315000,22.94881323,23.7057742,25.48124874,-0.670301597,25.00000993
26/7/2023,21.5,21.7,21,21.2,16.3,2.26,1.301,2,12011600,3414400,6967300,1629900,22.81428919,23.60750857,25.43864926,-0.709952213,26.66668362
27/7/2023,21.3,22.2,21.2,21.9,16.83,2.33,1.282,2,15890500,8156100,5823800,1910600,22.74395923,23.54054744,25.40343882,-0.677086523,39.58333168
31/7/2023,22,22,21.5,21.9,16.83,2.33,1.282,2,9790700,3199500,4808200,1783000,22.67903926,23.47621223,25.36857873,-0.643620965,39.58333168
2/8/2023,21.6,21.9,21.5,21.7,16.68,2.31,1.282,2,10284900,4546200,4484800,1253900,22.6037286,23.40655688,25.33207546,-0.626021124,38.77552053
3/8/2023,21.7,21.8,21.2,21.5,16.53,2.29,1.282,2,17445100,8296300,7205300,1943500,22.5188264,23.33178994,25.29394536,-0.621052407,41.30435323
4/8/2023,21.4,21.6,21.1,21.2,16.3,2.26,1.282,2,13385800,5407100,6542400,1436300,22.41737828,23.24819037,25.25320959,-0.634013581,36.1702119
7/8/2023,21.3,21.7,21,21.3,16.37,2.27,1.282,2,16223700,6144000,8498500,1581200,22.33142604,23.17179071,25.21387417,-0.628966034,30.23252822
8/8/2023,21.4,21.6,21.2,21.4,16.45,2.28,1.282,2,12167900,6592900,4460900,1114100,22.25977786,23.10230871,25.17592517,-0.609866461,26.82925354
9/8/2023,21.4,22.2,21.3,22,16.91,2.34,1.282,2,26931800,15727400,7814100,3390300,22.23979494,23.05908092,25.14432392,-0.540089085,40.47619264
10/8/2023,22.1,22.5,21.8,22.2,17.06,2.37,1.282,2,24453100,11852100,10178000,2423000,22.23673385,23.0253915,25.11502717,-0.463310862,45.23809848
11/8/2023,22.3,22.4,21.6,21.7,16.93,2.31,1.282,3,35748800,13069600,19642100,3037100,22.19544669,22.97341539,25.08104681,-0.437763128,44.18604548
15/8/2023,21.8,21.9,20.8,21,16.39,2.22,1.282,3,40055500,16027000,21062700,2965800,22.10348926,22.89602655,25.04043938,-0.46859886,41.30435323
16/8/2023,21,21,20.1,20.2,15.76,2.14,1.282,3,38797900,13049800,20767000,4981100,21.95706706,22.79030005,24.99227581,-0.551235354,38.77552053
17/8/2023,20.2,20.3,19.8,20.3,15.84,2.15,1.282,3,40573600,17630400,19941300,3001900,21.82960031,22.6926412,24.94558649,-0.601720076,37.49998013
18/8/2023,20.3,20.9,20.1,20.6,16.07,2.18,1.282,-,50417300,23475200,23814400,3127700,21.7350157,22.61057685,24.90234683,-0.610484708,43.74999255
